0.06064102713472786,0.04409854360130251,0.0,-0.04577674096644927,0.06294875894731061,0.0,100000.0
0.21248997959256896,-0.2070505004923872,0.0,0.23878261290899333,0.24505573482522372,0.0,100000.0
0.08415259615224761,0.6896143686490933,0.0,-0.681387340963125,0.08314866443350043,0.0,100000.0
-0.4152670722443318,-0.06022910716319712,0.0,0.056889702480575476,-0.39224257676519786,0.0,100000.0
0.19001291609497173,-0.6501038202759001,0.0,0.6502691636619238,0.19006124280519174,0.0,100000.0
-0.017230554848956005,-0.28679575316022893,0.0,0.35583550426318566,-0.021378430837458377,0.0,100000.0
-0.15751020746704958,0.24028988866540524,0.0,-0.2981343787710464,-0.19542731537354205,0.0,100000.0
0.4094772757827967,-0.6962590664757481,0.0,0.6963166272471122,0.40951112787749105,0.0,100000.0
1.4759800374540084,1.3003310999040762,0.0,-1.2987516327801445,1.4741872156527687,0.0,100000.0
0.826104783532988,0.020876197263642357,0.0,-0.02120579949245296,0.8391476751307687,0.0,100000.0
-0.15401300974285956,-0.03079067711989398,0.0,0.031036892533171535,-0.1552445635893795,0.0,100000.0
0.41241343742215103,-0.7780003195441136,0.0,0.7838591528369405,0.4155191708220986,0.0,100000.0
-0.9337741352155572,-0.14301774673999507,0.0,0.14587815786316946,-0.9524499847781916,0.0,100000.0
-0.17734429326814657,0.22813777809819288,0.0,-0.25703472707783726,-0.19980751280645118,0.0,100000.0
0.03269127306314566,0.5225023572235865,0.0,-0.5489711053712407,0.03434733654567713,0.0,100000.0
-0.10036456667971405,-0.03990487724741667,0.0,0.053492155631540285,-0.13453786582117408,0.0,100000.0
0.4435086691669846,-0.14249612211713508,0.0,0.1427967404686847,0.4444443216117112,0.0,100000.0
0.12806353459199837,0.17682603012126868,0.0,-0.1712085512686198,0.12399516187067078,0.0,100000.0
0.002413125172508667,0.16397854222203706,0.0,-0.11024257674633484,0.001622341151615919,0.0,100000.0
-0.29875784630385455,-0.6124847959610494,0.0,0.5487993946863751,-0.2676933799672429,0.0,100000.0
-0.6196677479892351,-0.05006359365345824,0.0,0.055634688786192356,-0.6886246031169666,0.0,100000.0
-0.16306076652331322,-0.8656856381870558,0.0,0.8766997545600557,-0.16513538827875726,0.0,100000.0
-0.18326190199404566,0.5379420614605716,0.0,-0.5390385989098022,-0.1836354618120084,0.0,100000.0
0.11297895192189158,-0.14654436018936234,0.0,0.142689349004362,0.11000691585877924,0.0,100000.0
0.10889877085317058,-0.7468871645426072,0.0,0.7325326773219744,0.10680583621891195,0.0,100000.0
1.1848289335737334,0.23397359362676984,0.0,-0.22463050043829244,1.1375160425453454,0.0,100000.0
0.06751727371473686,-0.058063409425802494,0.0,0.044538509540018215,0.051790254296081875,0.0,100000.0
1.3032880924318666,0.30587911623485253,0.0,-0.29302811391976874,1.2485326109226171,0.0,100000.0
0.24157431797325124,0.10040535453382987,0.0,-0.10424802593885708,0.2508197484403285,0.0,100000.0
0.44763683556719824,0.1516876467687052,0.0,-0.1519306949362148,0.4483540812685592,0.0,100000.0
0.2696253991647353,0.14962695469312493,0.0,-0.129763200681782,0.23383122948987434,0.0,100000.0
0.4802705596242589,0.7371675375618957,0.0,-0.7068600258270773,0.4605249727935612,0.0,100000.0
0.44730223568899236,0.5579177203302728,0.0,-0.5542755777807377,0.44438220206084256,0.0,100000.0
-0.7099010540296881,0.26853595497522453,0.0,-0.27564376317009165,-0.7286912399839024,0.0,100000.0
-0.11526881814652733,-0.1325030532146885,0.0,0.03657302613553076,-0.03181609326280306,0.0,100000.0
0.18712661107868162,0.518822891827158,0.0,-0.4779071119485256,0.17236929919260455,0.0,100000.0
-0.24319856004386167,-0.07865185278262107,0.0,0.0778243179788955,-0.24063974845161007,0.0,100000.0
-1.1515305078159466,0.3176828625949155,0.0,-0.29955706842158336,-1.0858284904062148,0.0,100000.0
-0.03499694931866026,-0.15769411864102845,0.0,0.15700719145968567,-0.03484450003292761,0.0,100000.0
0.10869400443219167,-0.28132487977265286,0.0,0.10816777116064535,0.04179220909098698,0.0,100000.0
0.09584433413131667,0.7090339179330128,0.0,-0.6912588910183514,0.09344157796449121,0.0,100000.0
0.33616093785457724,0.6772851469740395,0.0,-0.7008066048625684,0.34783548199428194,0.0,100000.0
0.10444206434495433,0.4243511111182252,0.0,-0.46451270218991814,0.1143267079078102,0.0,100000.0
0.2581394164865173,0.07081659862490364,0.0,-0.061957872628459656,0.22584774470419294,0.0,100000.0
-0.9981278974708876,0.8761115247150048,0.0,-0.8795998445317321,-1.0021020368654228,0.0,100000.0
0.131344944137968,0.15920364375296647,0.0,-0.1604488451215301,0.1323722504253058,0.0,100000.0
0.2300346678783014,-0.5127663981934737,0.0,0.565376210017271,0.25363621554730614,0.0,100000.0
0.026492515513772526,0.5613764104092199,0.0,-0.6189736075305576,0.029210646539574874,0.0,100000.0
-0.23482348213367343,0.216817136171698,0.0,-0.2084437746389995,-0.2257547251756656,0.0,100000.0
0.13503370369784487,0.04221046503134155,0.0,-0.04588842918056152,0.14679972240359238,0.0,100000.0
0.1967164537890918,0.0016806454271404484,0.0,-0.0016921652179239558,0.19806482409655135,0.0,100000.0
-0.03207359444520907,0.19306131534867427,0.0,-0.1867593439771594,-0.031026637556874192,0.0,100000.0
-0.14186894511400405,-0.19662267628013097,0.0,0.166694127014227,-0.12027463161225384,0.0,100000.0
0.13558963931805987,-0.07951100831756969,0.0,0.09188172777823292,0.1566853520409683,0.0,100000.0
0.4415878139304328,-0.65079430761497,0.0,0.6506747144282707,0.44150666556564594,0.0,100000.0
0.11788392998822003,-0.1618708108560116,0.0,0.13455239382104728,0.09798903761010397,0.0,100000.0
-0.98945077236764,-0.394650326110191,0.0,0.3948999848865483,-0.9900767063977214,0.0,100000.0
1.1902133920111118,0.9292442199006348,0.0,-0.9329806755601119,1.1949991947842955,0.0,100000.0
-1.0404444100429298,0.9103728182975864,0.0,-0.9070417994652324,-1.0366374643013472,0.0,100000.0
0.5124855502205864,0.05140270611626598,0.0,-0.050670288407569326,0.5051833375397266,0.0,100000.0
-0.26925182314624085,0.780286613404159,0.0,-0.7775288447233035,-0.2683002058400097,0.0,100000.0
-0.4038084730463619,1.4049074031247648,0.0,-1.4047671844559881,-0.40376817039979224,0.0,100000.0
-0.01241657813074393,0.11985469945869599,0.0,-0.07717417132848085,-0.00799500672316755,0.0,100000.0
0.43856159463456823,0.0040661714638152435,0.0,-0.004361386339577614,0.47040233421634453,0.0,100000.0
-0.1812978465555194,0.2943236171555042,0.0,-0.2995574779882222,-0.18452180699509807,0.0,100000.0
0.5372789437192464,0.26467906662963603,0.0,-0.2683460440650889,0.5447226368992564,0.0,100000.0
-1.768666665099626,-1.2864334676558677,0.0,1.286596168458365,-1.7688903560195197,0.0,100000.0
-0.2223519985910947,-0.3803603352792969,0.0,0.413485061538593,-0.2417161341314871,0.0,100000.0
-0.38783422427613723,0.027691435170864673,0.0,-0.02913842250630572,-0.40810010097467053,0.0,100000.0
-0.2599199746831762,0.07640585357129828,0.0,-0.07584315071662605,-0.2580057533911638,0.0,100000.0
-0.745519547576977,-0.8703159114223585,0.0,0.8658482101292364,-0.741692479034344,0.0,100000.0
-0.4319481017351888,0.06810669674489409,0.0,-0.06984391594746356,-0.4429659395207816,0.0,100000.0
-0.5302914540541008,0.2521922869568817,0.0,-0.2603018336025122,-0.5473436142701118,0.0,100000.0
-0.8672513117138893,0.861922558198732,0.0,-0.8573999739653269,-0.8627007670374001,0.0,100000.0
0.008444157429285839,-0.5185064836443243,0.0,0.5447017508443033,0.008870761468225036,0.0,100000.0
-0.9892571547539367,0.4169303726254812,0.0,-0.4104239935353948,-0.9738193682816351,0.0,100000.0
0.010816382783948919,0.05824090086527478,0.0,-0.04571371671320846,0.008489859378907345,0.0,100000.0
-0.002419565508988373,0.0908828121235922,0.0,-0.09245269519309796,-0.002461360374699124,0.0,100000.0
0.6123288268019559,0.12998174840605553,0.0,-0.12106893663673682,0.5703416121265197,0.0,100000.0
0.7891911774126665,-0.34966459273837225,0.0,0.3188913767155512,0.719736188002298,0.0,100000.0
0.18201060984192172,-0.08785593650693181,0.0,0.0908651838710176,0.18824484932167768,0.0,100000.0
-0.12455076004941852,-0.132622291718916,0.0,0.15874395918045192,-0.14908263545229558,0.0,100000.0
-0.6053392224956903,-0.06593271504635975,0.0,0.06390207478192766,-0.5866955765002926,0.0,100000.0
0.7303442113050245,-0.46880888388987924,0.0,0.4684818402291008,0.7298347191586476,0.0,100000.0
0.4714639770758243,-0.783141723118016,0.0,0.8098574158065931,0.487547255942827,0.0,100000.0
-0.36311265146762756,0.185802491861132,0.0,-0.16087840962116656,-0.3144036729340395,0.0,100000.0
-0.6666897613108871,0.06061938050220913,0.0,-0.06395328055827414,-0.7033558739335874,0.0,100000.0
0.14623343997136923,-0.5752783943883079,0.0,0.5867311627959061,0.1491446873565927,0.0,100000.0
0.2620450009639521,0.04758108906959756,0.0,-0.015746784288381863,0.08672281750408181,0.0,100000.0
-1.6728406254765906,-0.7875222975818437,0.0,0.7773858816002192,-1.651309033923109,0.0,100000.0
-0.02579265956521279,0.2159856833527549,0.0,-0.21092445848870017,-0.025188256310908437,0.0,100000.0
-0.05024337469647127,-0.1260106879062355,0.0,0.130677762755243,-0.05210424534380593,0.0,100000.0
-0.08104364833567672,-0.09319062256370304,0.0,0.10068969960510772,-0.08756525475772096,0.0,100000.0
0.45832574208840915,-0.9229499706780954,0.0,0.9007069824336278,0.44728014436666114,0.0,100000.0
0.2434701230233778,-0.13150319389412832,0.0,0.09631910181141118,0.17832892778562867,0.0,100000.0
0.014932950723908432,1.2282702315944822,0.0,-1.2626865906247182,0.015351374764705777,0.0,100000.0
0.6442092836127138,0.17018453350762167,0.0,-0.17011544741711157,0.6439477680686286,0.0,100000.0
0.19103997925588403,1.3321450642313108,0.0,-1.3393081471410229,0.1920672211435903,0.0,100000.0
-0.15166024570793182,-0.1668393258820752,0.0,0.16985455567264665,-0.1544011491998769,0.0,100000.0
-0.13404405208876666,0.020746933918192385,0.0,-0.017178826115076817,-0.1109908322681856,0.0,100000.0
0.832109182750825,-0.028328084535316937,0.0,0.028601142368890536,0.8401299838203562,0.0,100000.0
0.2962511513302458,-0.4175873763777668,0.0,0.37917401535383227,0.2689993638635908,0.0,100000.0
-0.45599020491572545,-0.5590671237234357,0.0,0.547649693319963,-0.44667784114334597,0.0,100000.0
0.18313099530368093,-0.908849645445323,0.0,0.9454846466849166,0.19051285904052714,0.0,100000.0
-0.18473114905257942,0.3422674692681473,0.0,-0.36076099118389576,-0.19471261051261896,0.0,100000.0
-2.5517504695214113,-1.234535953759721,0.0,1.2336184790545262,-2.549854075574662,0.0,100000.0
-0.10624274875389268,-0.2548931289625306,0.0,0.25761047973050033,-0.10737537565557762,0.0,100000.0
-0.6836109945088924,0.3281219855440748,0.0,-0.2963883125778097,-0.617496900691261,0.0,100000.0
-0.4118685823226628,0.04239160981131259,0.0,-0.04713653192768048,-0.4579693167368198,0.0,100000.0
0.42890961803302025,-0.8431283052896437,0.0,0.8415146704457656,0.42808874237247085,0.0,100000.0
-0.46698036683549105,-1.047993639982447,0.0,1.0325455006570428,-0.4600967584872344,0.0,100000.0
0.9101128374176155,-1.332832486803086,0.0,1.3691102901550347,0.9348848135442736,0.0,100000.0
1.5913046653055392,-0.5748311582050462,0.0,0.5783917250999075,1.6011613799774052,0.0,100000.0
0.5971486616816417,-0.5622288253086523,0.0,0.5886014905159406,0.6251593239326649,0.0,100000.0
0.05433046592409717,-0.04139854557188614,0.0,0.042338563030638154,0.055564122464569106,0.0,100000.0
0.3235998480723858,0.5000433705748941,0.0,-0.49380131656213566,0.31956034300332353,0.0,100000.0
-0.508311221053913,0.12153803452708746,0.0,-0.12140079459469894,-0.5077372394367081,0.0,100000.0
1.179391474502832,0.4268204786463326,0.0,-0.42370282172274604,1.1707767566529195,0.0,100000.0
-0.5531597036580655,0.39014515179748205,0.0,-0.3875603564250378,-0.549494901889671,0.0,100000.0
0.5223698014972068,-0.0495704040226575,0.0,0.04831929564853596,0.5091857000978588,0.0,100000.0
0.10837429761241915,0.027446638387857863,0.0,-0.03608892145050381,0.14249874460102763,0.0,100000.0
0.12785522071371228,-0.3751018923785735,0.0,0.3689682419449486,0.1257645374996154,0.0,100000.0
0.10992250947437832,0.16031178866542012,0.0,-0.1714335948675238,0.11754850415512162,0.0,100000.0
-0.2863605793549419,0.3580825474284158,0.0,-0.3485305111387187,-0.2787217634853025,0.0,100000.0
0.6121332485291404,-0.6015292249026254,0.0,0.5936500442263504,0.6041151701657874,0.0,100000.0
-0.1549687482985157,0.6727077547915857,0.0,-0.7122997284572624,-0.16408937840562454,0.0,100000.0
-0.7922633857029472,0.34281562346165395,0.0,-0.32771429613423314,-0.7573634922960497,0.0,100000.0
-0.14336432954726394,0.8848571904567867,0.0,-0.8653985788184475,-0.14021165040136585,0.0,100000.0
-0.40544375878364947,0.5773695550053046,0.0,-0.5655707194367247,-0.3971583128318772,0.0,100000.0
-0.005402533902099424,-0.011731095650173343,0.0,0.01189944929477491,-0.005480065984321304,0.0,100000.0
1.0336056480964948,0.3563912720542832,0.0,-0.36029989549915575,1.0449414343115042,0.0,100000.0
-1.4076823729698766,0.9964193312531745,0.0,-1.0216208809630714,-1.4432856337511872,0.0,100000.0
-0.2745324682900319,0.2826778095240919,0.0,-0.28409769566720705,-0.27591144051362626,0.0,100000.0
-0.6759955076668451,1.2571740171493206,0.0,-1.2410519858561706,-0.6673265242325978,0.0,100000.0
0.2922891583915241,0.37713019729858016,0.0,-0.3759454898480032,0.29137096847687466,0.0,100000.0
0.01914131759730578,0.12706098654247716,0.0,-0.1186593243087398,0.01787563495515587,0.0,100000.0
-0.026920367451797926,0.26738947020644166,0.0,-0.25767598885363013,-0.02594242884018399,0.0,100000.0
0.02496363304506141,-0.2819952511601908,0.0,0.31521171626018835,0.027904121022780535,0.0,100000.0
0.09015885105893078,-0.26835775790433397,0.0,0.2999678508511802,0.10077874028519876,0.0,100000.0
-0.6019208471821555,1.327119774373792,0.0,-1.3275004741213632,-0.6020935151801803,0.0,100000.0
-0.31630189526314656,0.042106401249776625,0.0,-0.042059605803478374,-0.3159503694163752,0.0,100000.0
-1.0107848515773568,-0.3830442404135764,0.0,0.3774236783466781,-0.9959531992636786,0.0,100000.0
0.06837944555076085,0.2549342937850669,0.0,-0.33025352514910794,0.08858185615435259,0.0,100000.0
-0.1702890620565367,-0.34189961504475364,0.0,0.3473345391114847,-0.17299602071032455,0.0,100000.0
0.3774812496820499,0.05832338778160661,0.0,-0.05925051132886785,0.3834817885488987,0.0,100000.0
-0.2874508204463625,-0.6828500504388699,0.0,0.6885108976720445,-0.2898337962996289,0.0,100000.0
-0.1561002541499788,-0.46160806755000977,0.0,0.45719442834497903,-0.15460771047480362,0.0,100000.0
-0.15932333968898327,-0.17294362473837932,0.0,0.20694882578751472,-0.19065043952362234,0.0,100000.0
0.1905609927604613,-0.13776767380429972,0.0,0.16485637078792015,0.228030225180824,0.0,100000.0
0.06500950184943353,-0.599904042804213,0.0,0.5171023925681235,0.056036576764619615,0.0,100000.0
0.04425128683422344,0.43644044120560216,0.0,-0.37442988425717005,0.03796395256543984,0.0,100000.0
-2.221659571894876,0.08768933193191222,0.0,-0.08769098099539252,-2.2217013518649695,0.0,100000.0
-0.10216965648419973,1.032945897306133,0.0,-1.0248561486720147,-0.1013694917890817,0.0,100000.0
-0.5867210741560243,-0.9972411999199722,0.0,1.0217661568458334,-0.6011501902738965,0.0,100000.0
0.2380023394053539,0.11271761317688045,0.0,-0.08500693577380497,0.17949146552719955,0.0,100000.0
-0.6427393731585863,-0.5173682333717698,0.0,0.5227610551656783,-0.6494390092703418,0.0,100000.0
0.7197204277789531,-0.02496560224981,0.0,0.025742769820414468,0.7421249894944884,0.0,100000.0
-0.1507054611624839,-0.4242866935578239,0.0,0.42487336877087606,-0.1509138465770587,0.0,100000.0
-0.976010922470469,-0.12675471439219732,0.0,0.11125792755188765,-0.8566857100563584,0.0,100000.0
0.20188979398219625,0.0766518983191944,0.0,-0.09342297572075464,0.24606233811620887,0.0,100000.0
1.061061838720127,-0.14310665579555057,0.0,0.14776367082010078,1.0955911965436793,0.0,100000.0
-0.17294832630325163,-0.8720079926245361,0.0,0.8682830581349708,-0.17220954731153545,0.0,100000.0
0.25900160171620573,0.4854817213573657,0.0,-0.5001775769405844,0.2668417529869925,0.0,100000.0
-0.23051791764211438,-0.15132546979875092,0.0,0.16103404184308637,-0.2453072311259251,0.0,100000.0
-0.2122912600518149,0.33547502155719067,0.0,-0.34981169744553936,-0.22136362250421038,0.0,100000.0
-0.2608005310576708,-0.19026608441874043,0.0,0.18384914806557834,-0.25200474165683995,0.0,100000.0
-0.025895562113050396,-0.7379409887128671,0.0,0.739224329000014,-0.02594059663291893,0.0,100000.0
0.3501556981090255,0.2702609246431593,0.0,-0.27107315023823314,0.3512080345525592,0.0,100000.0
0.9769386749984683,0.4805865117114973,0.0,-0.4824090588193224,0.9806435579139293,0.0,100000.0
0.49651206046251606,-0.2516598999523193,0.0,0.2460360343527891,0.48541646240690195,0.0,100000.0
-1.3640993355486613,0.10515878695969913,0.0,-0.10621259521541539,-1.3777691313211167,0.0,100000.0
-0.12343359014359702,0.3421661617706974,0.0,-0.3288744431940776,-0.11863871348308726,0.0,100000.0
-0.2784539276915618,0.07326111582140155,0.0,-0.0740508866017842,-0.2814557216624548,0.0,100000.0
-0.440494996021766,-0.3818762386926042,0.0,0.40856260859723537,-0.47127777644618096,0.0,100000.0
0.29034178565375574,0.04250644607734444,0.0,-0.0393157474888228,0.2685476059194954,0.0,100000.0
0.14328961667933635,-0.18216950930770157,0.0,0.18553376549104122,0.1459358497441001,0.0,100000.0
-0.3613409379058237,-0.2879884713331154,0.0,0.2826925688544357,-0.3546961359113356,0.0,100000.0
-0.030421606561857547,-0.8222111763186432,0.0,0.8125268373583021,-0.030063288458007077,0.0,100000.0
-0.5773592674498746,-0.4637174566368337,0.0,0.4747018688817678,-0.5910355958182271,0.0,100000.0
0.18398567648255199,0.22531809564617153,0.0,-0.18188156696618674,0.14851715767441087,0.0,100000.0
0.8522288284046177,-0.6880658336251863,0.0,0.6859623848612737,0.8496235258476899,0.0,100000.0
0.33502884456369797,-1.2997706056877492,0.0,1.2907541425711537,0.3327047612163862,0.0,100000.0
-0.22177320183942342,0.44127186425891535,0.0,-0.47556173691269493,-0.23900651188031197,0.0,100000.0
0.0753927231182247,-0.4880780148106109,0.0,0.5260050487516317,0.08125125860198427,0.0,100000.0
-0.012922255124826807,-1.0202939342600958,0.0,1.0184243287143162,-0.012898576144648536,0.0,100000.0
-0.9769266123232982,-0.12850154624011334,0.0,0.12651945122895852,-0.9618578336104556,0.0,100000.0
0.15584122130132075,0.2579453506302188,0.0,-0.2660285472816682,0.16072479541926046,0.0,100000.0
0.45226329223216283,-0.12369231703960323,0.0,0.11905875023208927,0.4353213169397687,0.0,100000.0
0.6223860260841482,0.2882150839997039,0.0,-0.2873735454515523,0.6205687657745481,0.0,100000.0
0.6540758114917697,1.137539232688396,0.0,-1.1381277980647229,0.6544142317985816,0.0,100000.0
-0.47859144794325925,0.857372223159582,0.0,-0.8419873883614731,-0.47000352059560097,0.0,100000.0
-0.18029436756641365,-0.13030572760525155,0.0,0.1328134156978648,-0.18376406952825827,0.0,100000.0
0.5638762020384153,-0.27144080519647806,0.0,0.2934637393850826,0.6096254344687551,0.0,100000.0
0.29836865245772015,-0.4218957413829548,0.0,0.4564885587106052,0.3228330195474044,0.0,100000.0
-0.6637820730420109,0.3130628525629453,0.0,-0.31384576206748116,-0.6654420633272544,0.0,100000.0
0.7750915586312528,-0.5716374576029507,0.0,0.5720512545035797,0.7756526318786399,0.0,100000.0
-0.07011053650721814,-0.033066976310507604,0.0,-0.014168731305883395,0.03004137252085064,0.0,100000.0
-1.0665384086996448,0.3323666448768757,0.0,-0.33424412828897665,-1.072563105225507,0.0,100000.0
0.3045579230790194,-0.3996121648275156,0.0,0.42496889461936466,0.32388314298270965,0.0,100000.0
1.2639442749198015,1.2781673996685845,0.0,-1.2800984774325768,1.2658538641370323,0.0,100000.0
-0.5459466553931832,0.010850636899940003,0.0,-0.011459415668755274,-0.5765771829625754,0.0,100000.0
-0.1277412209416259,0.5222354595830522,0.0,-0.5721008535588489,-0.13993852809937635,0.0,100000.0
-0.1789403982532216,0.2850791396294557,0.0,-0.2880405885511447,-0.18079926049807893,0.0,100000.0
-0.51987830211998,0.7064066813363398,0.0,-0.6928435837401128,-0.5098965729884335,0.0,100000.0
-0.9103717174087229,-1.630397142532354,0.0,1.6053533442108372,-0.8963879062907857,0.0,100000.0
0.009625428446359306,-0.7000027516337743,0.0,0.6392169007489124,0.008789589077331494,0.0,100000.0
0.2862604574412217,0.35970400737049013,0.0,-0.35004723221424894,0.2785753807754358,0.0,100000.0
-0.45746228342678646,0.02854703289333976,0.0,-0.025717934690370068,-0.4121263730782514,0.0,100000.0
0.5327990176602415,-0.3668468775790517,0.0,0.3686457592126387,0.5354116673128357,0.0,100000.0
0.26783562113694315,0.5903358063062386,0.0,-0.5900949381152369,0.2677263391302278,0.0,100000.0
0.06603186992120808,-1.0064530757285677,0.0,0.9996412532955876,0.06558495651444513,0.0,100000.0
-0.1174927179766934,-0.18922778477137167,0.0,0.19063633780386063,-0.11836729738585045,0.0,100000.0
-0.07588868400516836,-0.021082243369982646,0.0,0.02268235141599086,-0.08164851192037682,0.0,100000.0
-0.021489924268431562,0.04825132369543779,0.0,-0.04880598470775036,-0.02173695631307526,0.0,100000.0
0.03440195293314277,0.44712949948225017,0.0,-0.4484269819204573,0.034501780678398826,0.0,100000.0
-0.10076077790616891,-0.2966764770372525,0.0,0.27259060816521086,-0.09258044993298702,0.0,100000.0
-0.5054820368419253,0.3946682629524995,0.0,-0.3902787057285862,-0.4998599928757375,0.0,100000.0
0.36705874427398205,-0.29120563632298074,0.0,0.2730689122764101,0.34419777483040204,0.0,100000.0
0.502398036560275,0.32443210774101516,0.0,-0.27924289215254067,0.43242045837472853,0.0,100000.0
0.0074005495074382305,-0.08678693467914514,0.0,0.06351028831829258,0.005415688832297745,0.0,100000.0
-1.3424349853550412,0.02081629842344877,0.0,-0.020939991319941738,-1.3504118921188786,0.0,100000.0
0.030477994608688275,0.5205118448514467,0.0,-0.46469074880071687,0.027209452151271636,0.0,100000.0
0.6831644434914629,0.2047952820207457,0.0,-0.20461871762366424,0.682575452783853,0.0,100000.0
0.08539117978918657,0.5709200216588596,0.0,-0.5015575198395464,0.07501679171593054,0.0,100000.0
0.2038394016783699,1.210089426911566,0.0,-1.228550995934764,0.2069492505044498,0.0,100000.0
0.5084596547953735,1.2688285777430401,0.0,-1.2783465626910648,0.5122738117476299,0.0,100000.0
0.06711783026129552,-0.22961894085592463,0.0,0.22338188782102444,0.06529473385049119,0.0,100000.0
-0.6993412863455519,-0.4103363414389857,0.0,0.4062438827976153,-0.6923664586212143,0.0,100000.0
0.5554786298919482,0.4989918425559729,0.0,-0.5062400177188052,0.563547311712564,0.0,100000.0
0.44385286440922345,0.009906412265937999,0.0,-0.009417031095304064,0.42192633555672737,0.0,100000.0
-2.0561799002786447,-0.24380589586681672,0.0,0.24410340370196454,-2.0586889849282652,0.0,100000.0
0.2541154281701163,-0.41779352877818576,0.0,0.4267473986528977,0.25956145909272527,0.0,100000.0
-0.22186128018252824,0.13621677138191787,0.0,-0.13969788621114995,-0.22753110031290272,0.0,100000.0
0.20899536803243968,-0.12474586714596443,0.0,0.12894746082112338,0.21603458814091142,0.0,100000.0
0.40777103431468587,-0.08152105549726822,0.0,0.08226936363870443,0.41151409655741866,0.0,100000.0
-0.4596587704496846,0.5870057618381079,0.0,-0.490965716827063,-0.38445397371059514,0.0,100000.0
0.18724130736098013,0.29357793119250575,0.0,-0.30545191182536663,0.19481442312020916,0.0,100000.0
-0.45909937196603573,-0.44970599174650117,0.0,0.449440140537167,-0.45882796770306894,0.0,100000.0
-0.07068479820936358,-0.12365538624245831,0.0,0.1124790845144484,-0.06429611869950096,0.0,100000.0
-0.003161596255267683,-0.7943012306928078,0.0,0.8683717379134406,-0.003456422738225883,0.0,100000.0
-1.0562455584157986,0.2070558365221232,0.0,-0.20614550344998492,-1.0516017131599689,0.0,100000.0
0.46420658493393835,-0.8674777732767296,0.0,0.874170678800635,0.46778810703427065,0.0,100000.0
0.6700603067142877,0.12483026293396889,0.0,-0.11659737579784978,0.6258680511673284,0.0,100000.0
0.2932158805782901,0.09873550366746757,0.0,-0.09954157171298432,0.29560966946874057,0.0,100000.0
-1.597574545469779,-1.6573328870430406,0.0,1.6572288359536125,-1.5974742461435554,0.0,100000.0
0.5898413719635109,-0.2134325026953422,0.0,0.13991713835130898,0.38667454958417413,0.0,100000.0
0.4469787872626102,-0.2755329660335284,0.0,0.27199334033790346,0.4412366881462326,0.0,100000.0
-0.024158450679305308,-0.36589105361957724,0.0,0.32467075430414166,-0.021436824779609162,0.0,100000.0
-0.15283716652233537,-0.15750291058109156,0.0,0.15602338363904292,-0.15140146793884954,0.0,100000.0
-0.18752174943102926,-0.23503619902371928,0.0,0.2408874557059913,-0.19219012772334038,0.0,100000.0
0.08933439874993376,0.28481637004187227,0.0,-0.26798101111495815,0.08405388531858116,0.0,100000.0
0.32183417671582953,-0.06363959681423853,0.0,0.06362149540966983,0.32174263542819737,0.0,100000.0
-0.3849784438729743,-1.0940180895669587,0.0,1.0735714995001975,-0.37778341071815136,0.0,100000.0
0.3810103930705887,-0.20458354097310785,0.0,0.20456968374985912,0.38098458578398225,0.0,100000.0
-1.3388974945401382,1.182786672779848,0.0,-1.180999131745363,-1.3368740238099222,0.0,100000.0
-1.079963039802811,1.1728715721325629,0.0,-1.1788831056244151,-1.0854983721767835,0.0,100000.0
0.9297322064441714,0.9417398174541455,0.0,-0.9409264608527808,0.9289292205094182,0.0,100000.0
-0.3944944362888552,0.8205876873101903,0.0,-0.7508517702096479,-0.36096915711260846,0.0,100000.0
-0.23409290604440977,0.38806513119984626,0.0,-0.36163735245848677,-0.21815085140338725,0.0,100000.0
1.209213552503582,-0.549927677779497,0.0,0.554130672721702,1.2184553467441261,0.0,100000.0
-0.3464442404097592,0.14720858994091926,0.0,-0.14839186083440684,-0.3492289786241379,0.0,100000.0
0.40868156491101615,-0.09136657566842109,0.0,0.07197011556598448,0.3219214383504487,0.0,100000.0
-1.8683775729323693,0.2145677051281817,0.0,-0.21460287058749217,-1.8686837809680952,0.0,100000.0
-0.5556928224259223,-0.28060036775313635,0.0,0.281329632697648,-0.5571370375513582,0.0,100000.0
-0.11521575714895382,-0.47596419430249876,0.0,0.46565220622964815,-0.11271955359468107,0.0,100000.0
-0.11759198004773204,-0.02413485524109117,0.0,0.028855696518950053,-0.1405932811870627,0.0,100000.0
0.10394273018566243,0.060052259329730566,0.0,-0.0717986394857551,0.12427420208769312,0.0,100000.0
0.3058969757270196,-0.011772490210454284,0.0,0.012527719539440775,0.3255208924674353,0.0,100000.0
-0.3818873574450637,0.5948236611743052,0.0,-0.5850655240581285,-0.37562246006434014,0.0,100000.0
-2.153145632844417,0.24001720207462307,0.0,-0.23975509551066101,-2.1507943280268593,0.0,100000.0
-0.26998514105496246,1.0255792066070366,0.0,-1.025472517016179,-0.26995705487297744,0.0,100000.0
0.2507612573021472,-0.2547096710823377,0.0,0.30054529557363496,0.29588635513540257,0.0,100000.0
0.3574177976648861,-0.0032775934782805233,0.0,0.003867404392280044,0.4217359992104347,0.0,100000.0
-0.6599431979253257,-0.6627324839350535,0.0,0.6547908433067156,-0.6520349818048186,0.0,100000.0
-0.16573947661069702,0.266878562551417,0.0,-0.2615851815227301,-0.1624521305128757,0.0,100000.0
0.7945912438368771,0.8272973536464412,0.0,-0.7922479455302163,0.7609274678462197,0.0,100000.0
-0.38812925865781783,-0.11756689940607214,0.0,0.1193765657500654,-0.3941035971838863,0.0,100000.0
-1.3312824528195348,-0.43716837580040685,0.0,0.42866377698798913,-1.3053839116761774,0.0,100000.0
0.3304774084353824,0.05393789506042388,0.0,-0.04836164627464634,0.2963117398372607,0.0,100000.0
0.2636880065428087,0.8286841828336149,0.0,-0.830163269138777,0.26415865305373804,0.0,100000.0
-0.025296223701742344,0.2991373006369928,0.0,-0.28119900542375614,-0.023779291083925534,0.0,100000.0
0.23179615360452818,-0.02486860630030048,0.0,0.024561563119665043,0.2289342550565209,0.0,100000.0
0.9329802533188204,0.6470980784137323,0.0,-0.6125012771961803,0.8830988930726306,0.0,100000.0
1.6750567426150489,-0.6265865921272681,0.0,0.620789210960269,1.6595585775803925,0.0,100000.0
-0.02594589926477659,-0.15043359732576783,0.0,0.046605848224370465,-0.008038301713681438,0.0,100000.0
-1.0739243901213997,0.37956233498055936,0.0,-0.3777393496876205,-1.0687664801063823,0.0,100000.0
-0.005937618040434639,-1.3955925351621121,0.0,1.4104059695933884,-0.006000642535983209,0.0,100000.0
1.2865112024001708,-0.5777758743462434,0.0,0.57710808100945,1.2850242527942444,0.0,100000.0
-0.17661410279996062,0.21598582136138406,0.0,-0.20229889316667843,-0.16542214340207578,0.0,100000.0
-0.340760466535962,-0.0032283510717518076,0.0,0.002886704771471042,-0.3046988517714977,0.0,100000.0
-1.1172286538315241,-0.14050749917067237,0.0,0.14154443369113193,-1.1254737152356649,0.0,100000.0
-0.6036680243057146,-0.4571157557806215,0.0,0.4641565580185156,-0.6129661224848476,0.0,100000.0
-0.05005213679855592,-1.0598975757236297,0.0,1.0719753924250224,-0.05062249430065065,0.0,100000.0
0.31840844760633996,0.3186814548596573,0.0,-0.2647247803028936,0.26449799652224537,0.0,100000.0
0.9116001846854792,-0.07300275075061713,0.0,0.06700852138366119,0.8367490243965916,0.0,100000.0
0.8775778767044072,0.17733654639923155,0.0,-0.16939088339955344,0.8382575098322097,0.0,100000.0
0.06464033173520271,-0.015883363399711616,0.0,0.01665581003131959,0.06778394844020022,0.0,100000.0
0.4433896744718036,-0.6426950601282952,0.0,0.6221831144217828,0.42923866337210975,0.0,100000.0
-1.227742874531858,-0.11079768986023095,0.0,0.11080214059356876,-1.227792192853827,0.0,100000.0
-0.2242599063179868,-0.5953195167713444,0.0,0.6050441411420754,-0.22792322204831145,0.0,100000.0
-0.14113831806963087,1.5354703912147338,0.0,-1.5145016950410308,-0.1392109044724672,0.0,100000.0
0.5513415686390776,0.5299980840083273,0.0,-0.5204009562867832,0.5413579562222022,0.0,100000.0
0.37484250514211587,0.30049221040665164,0.0,-0.3170338196508385,0.3954769776290464,0.0,100000.0
-0.06391902227450183,-0.3628417693557466,0.0,0.3568756672225522,-0.06286802030242812,0.0,100000.0
-0.2871795572627963,-0.37895225218624207,0.0,0.38293526505225073,-0.2901979846895589,0.0,100000.0
0.13378494988692893,0.15858280714133569,0.0,-0.1052374302357445,0.08878127827419713,0.0,100000.0
-0.006205628640450156,-0.3719508197417626,0.0,0.34706526261094917,-0.005790437927409781,0.0,100000.0
-0.06489394657080519,-0.20827790902915175,0.0,0.1314312688259574,-0.04095054428326833,0.0,100000.0
-0.8055407855738406,-1.4488272797590083,0.0,1.462462949164802,-0.8131221501701748,0.0,100000.0
0.03246182769947698,-0.17112354372820898,0.0,0.20571591212043816,0.03902393761141815,0.0,100000.0
-0.11650793028807806,0.12947177165575174,0.0,-0.1556442966276738,-0.14005983411928055,0.0,100000.0
0.5175543396520501,0.9394961896078319,0.0,-0.9815315117867586,0.5407109672712179,0.0,100000.0
0.185936322551463,-0.7808417252946521,0.0,0.6930234287064523,0.16502477211634511,0.0,100000.0
0.5247085593939637,0.051875657842186715,0.0,-0.04205693225729075,0.4253947468846659,0.0,100000.0
0.2967824456210228,-0.8297135730445653,0.0,0.8315076457308239,0.2974241722321664,0.0,100000.0
1.8871342326078593,1.0956058770678196,0.0,-1.0984166545051026,1.8919756764456144,0.0,100000.0
-0.6677914221619635,-0.9982028031557412,0.0,0.9285507711682444,-0.6211946490910467,0.0,100000.0
0.30989488855210634,0.09899952491328838,0.0,-0.07365517224533126,0.23056031242822012,0.0,100000.0
0.22035910888216878,0.11174206468619281,0.0,-0.028562277033967923,0.05632577071603464,0.0,100000.0
-0.0554962459863487,-0.015172696404527848,0.0,0.0224602193987815,-0.08215137424684582,0.0,100000.0
0.5911065793418887,-0.30605488987637225,0.0,0.294887043795884,0.5695372873174395,0.0,100000.0
0.8168600117017978,0.21972650143139735,0.0,-0.20949644560966077,0.7788285340975232,0.0,100000.0
-0.45424376628074986,0.36645659386581075,0.0,-0.3639229963932352,-0.45110322828130667,0.0,100000.0
-0.4223528404330475,-0.2509318774824486,0.0,0.22287335501746194,-0.3751264904756951,0.0,100000.0
0.2983126879782168,0.033131105244638644,0.0,-0.03144734312246224,0.2831520828346974,0.0,100000.0
-0.24656960547988566,0.34309144021388477,0.0,-0.3404234028296484,-0.2446521664297402,0.0,100000.0
0.9607051744936266,0.20125950703210668,0.0,-0.20501326587899432,0.9786236102544321,0.0,100000.0
0.11567986725119543,-1.6419191824096662,0.0,1.6378292073236822,0.1153917119143944,0.0,100000.0
-0.19145594389033113,0.20788100338321278,0.0,-0.19207052513018413,-0.17689468053279822,0.0,100000.0
0.13645545820084484,-0.3665257762909305,0.0,0.37696433505213783,0.14034167415305218,0.0,100000.0
-0.17386160018170316,-0.3503332424146035,0.0,0.3603106420233186,-0.17881313332673818,0.0,100000.0
0.24761866832570625,-1.2798058613216656,0.0,1.2793033643957479,0.2475214445018483,0.0,100000.0
-0.36320005360983854,-0.12048315780141025,0.0,0.11670533340535519,-0.3518116898898457,0.0,100000.0
0.1360588645333885,-0.4793263766732199,0.0,0.48201854469715016,0.13682304806739579,0.0,100000.0
-0.3518702369890122,-0.06170025799695517,0.0,0.06153843694616794,-0.3509473881494964,0.0,100000.0
0.16978448402883212,-0.7004052165202841,0.0,0.6257297041506933,0.15168247245294822,0.0,100000.0
0.41049572881494334,-0.9930477846820428,0.0,1.0134621723533905,0.41893441532602976,0.0,100000.0
0.3918676692832346,-0.3222170609187214,0.0,0.3174143559762566,0.38602680912923587,0.0,100000.0
0.1681145468908402,0.4625441619561042,0.0,-0.450861220800213,0.163868309406253,0.0,100000.0
-0.39957209211725747,1.0839056356129488,0.0,-1.0533226392986779,-0.3882979447939094,0.0,100000.0
1.1441368452174927,0.07095537460763199,0.0,-0.07178546515101474,1.1575218379795302,0.0,100000.0
0.13351000146059513,-0.08069175855779792,0.0,0.09523754760056169,0.1575769985251575,0.0,100000.0
-0.21595190711767254,-0.22343206034455804,0.0,0.2737310172622749,-0.264566934234461,0.0,100000.0
0.09081835793521525,-0.2971685340669924,0.0,0.3640670233405833,0.11126335882755226,0.0,100000.0
-1.201727912560983,0.2171292935271421,0.0,-0.21193624995165664,-1.1729863949406243,0.0,100000.0
0.31226793243543,0.4461262350058343,0.0,-0.4372604123697158,0.30606226263463077,0.0,100000.0
-0.10422004008824948,0.2382978745040096,0.0,-0.20128967088805813,-0.08803443007189299,0.0,100000.0
0.16372797784586415,-0.03296883047303545,0.0,0.034786474145975355,0.1727546590700641,0.0,100000.0
0.29180641356130044,1.0159444125250463,0.0,-1.0010929361951542,0.2875406722564734,0.0,100000.0
0.1656346625770767,0.21915310906511654,0.0,-0.2249888500237074,0.17004528211465406,0.0,100000.0
0.3062446900588188,-0.13253747453096587,0.0,0.14381708597159162,0.33230766675158263,0.0,100000.0
-0.0032303311658099794,-0.46978032952065213,0.0,0.4623337975856495,-0.0031791268844144965,0.0,100000.0
-0.42465037988939175,0.755087264179739,0.0,-0.7638122576382564,-0.4295571926015843,0.0,100000.0
0.31636869288542746,-0.1451183300882213,0.0,0.15199595170606606,0.3313624166974044,0.0,100000.0
0.01064362550040311,0.26646411360271544,0.0,0.002170076773555725,-8.668140776092426e-05,0.0,100000.0
-0.6536026624440582,-0.6840650370909952,0.0,0.6993859106497857,-0.6682412760349208,0.0,100000.0
-0.8058068598450864,-0.4893459927459844,0.0,0.48497729801268824,-0.7986129229643434,0.0,100000.0
-1.4956605583091402,-1.244349298612241,0.0,1.249554153531821,-1.5019165960821506,0.0,100000.0
0.09961451725876051,0.3118137701996146,0.0,-0.28568493120887106,0.09126718968266102,0.0,100000.0
0.40351025000851626,0.45567714327027653,0.0,-0.4465512153454555,0.3954290778170024,0.0,100000.0
0.7488080303620976,-0.5437665079959044,0.0,0.5230667449259696,0.7203028749591159,0.0,100000.0
1.0950699996034368,-0.27006564054386,0.0,0.26956620031807477,1.09304485487658,0.0,100000.0
-0.5988462479337184,0.05178459518972698,0.0,-0.05428866763077934,-0.627803785988895,0.0,100000.0
0.2650962879233551,0.7347299441542517,0.0,-0.706222260486697,0.2548104935608275,0.0,100000.0
0.07334776919927519,0.9555336040426389,0.0,-1.0080124841275888,0.07737610349125848,0.0,100000.0
-1.2095790016826728,1.1789634405342075,0.0,-1.1727662771877327,-1.2032209091446235,0.0,100000.0
-0.7761204113976111,0.04736282692609952,0.0,-0.048197392736511226,-0.7897961905297511,0.0,100000.0
-0.49544008576635856,0.23206106471532592,0.0,-0.20815790656866104,-0.44440790276401815,0.0,100000.0
-0.02184579097811249,-0.10692216987907094,0.0,0.09448821537827558,-0.019305348978450963,0.0,100000.0
0.6857294414227356,1.011825839320455,0.0,-0.9797371431065616,0.6639824540701346,0.0,100000.0
-0.14575565013223712,0.2756801145490342,0.0,-0.29671664193324154,-0.1568779348513418,0.0,100000.0
0.5487494236798138,0.8831063558147404,0.0,-0.8367430190227704,0.5199399216567031,0.0,100000.0
-0.16508469833665573,0.17363265172529135,0.0,-0.14585030865570237,-0.13867008288757016,0.0,100000.0
0.34288648374472713,-0.6637847351103516,0.0,0.6827473964868179,0.3526818886974149,0.0,100000.0
-1.1416950435399214,-1.7141011324766502,0.0,1.7185794716810454,-1.144677888353495,0.0,100000.0
-0.5663323413029541,-0.6943939308393124,0.0,0.7047563159078178,-0.5747836735175604,0.0,100000.0
-0.10183002419691672,-0.2763136191577313,0.0,0.28649285998690904,-0.10558138593978365,0.0,100000.0
-0.11200170647443312,0.3042004439344311,0.0,-0.2968403058743863,-0.10929182212334349,0.0,100000.0
-0.4617766799482889,-0.030333941792013895,0.0,0.0321525011638643,-0.48946079415869503,0.0,100000.0
-0.21447177972176565,0.4100728055744299,0.0,-0.4346572050841138,-0.22732964262941902,0.0,100000.0
0.7068710547577505,-0.6328279975905129,0.0,0.6440321834482108,0.7193861689832395,0.0,100000.0
-0.4126333608883627,0.24259201499050367,0.0,-0.24367312527821167,-0.4144722597141357,0.0,100000.0
-1.9910697136980333,0.0198910059787597,0.0,-0.019784521511574046,-1.9804107255192038,0.0,100000.0
0.7781051769242713,0.48526120487919766,0.0,-0.44484378456600693,0.713296773393544,0.0,100000.0
2.244594357068425,0.6079166900107248,0.0,-0.6079828976804068,2.244838813857003,0.0,100000.0
0.07269515963268058,0.016565158577266474,0.0,-0.017832625069601742,0.07825735685280466,0.0,100000.0
0.0693863965388819,0.027285869750842358,0.0,-0.02937362070487664,0.07469542706984306,0.0,100000.0
-0.07540977687977791,0.15234914368335187,0.0,-0.15117632751728452,-0.07482925635130054,0.0,100000.0
1.551189681965137,-0.795802208186471,0.0,0.8150739136280971,1.5887543812426703,0.0,100000.0
-1.2901112744606644,-1.0672113053595973,0.0,1.0281585855742466,-1.2429019225353137,0.0,100000.0
0.5554109205345438,0.48554521120008254,0.0,-0.46909981536909673,0.5365991760741935,0.0,100000.0
1.2340349864442877,0.14326914511142577,0.0,-0.14068377064411294,1.2117661124083432,0.0,100000.0
0.48099991759033617,-1.272777486499543,0.0,1.267536182475516,0.4790191575357595,0.0,100000.0
0.08621828901801482,-1.702931706791715,0.0,1.6987566909136063,0.08600691076708557,0.0,100000.0
-0.21490084237759843,-0.5058327942731169,0.0,0.4845836446641551,-0.2058732344358565,0.0,100000.0
0.41304326987725887,0.158645924317238,0.0,-0.16561659899902276,0.43119179954296644,0.0,100000.0
-0.21706484297540593,0.5120250081097596,0.0,-0.5219662426357974,-0.2212792709373181,0.0,100000.0
0.22848605656386742,0.11061889840617177,0.0,-0.1056915906195413,0.21830858108847592,0.0,100000.0
0.05233969496112569,-0.6883947631390211,0.0,0.6879579467926141,0.05230648315367276,0.0,100000.0
1.122806834235288,0.5138346443372634,0.0,-0.515181413569732,1.1257497298049395,0.0,100000.0
0.17346866772195457,0.23655238761474015,0.0,-0.2093886373694237,0.15354893825779364,0.0,100000.0
-0.06747499604198202,-0.14446724972980624,0.0,0.16451258773428765,-0.07683738859145074,0.0,100000.0
0.9502669450904417,0.1370912639992672,0.0,-0.13586883910058298,0.9417935388339983,0.0,100000.0
-0.21595552694746553,-0.21669201661980508,0.0,0.21333054846138932,-0.21260548369810361,0.0,100000.0
0.08624465684606294,-0.18823893614269352,0.0,0.21436718110215,0.09821572705446024,0.0,100000.0
-0.2822760436277023,-0.4399229865220392,0.0,0.37460148001542287,-0.24036257925917212,0.0,100000.0
1.092256680875426,-0.2876539998271663,0.0,0.28877223727594625,1.0965027623655803,0.0,100000.0
-0.29967719445355884,0.14154368082162536,0.0,-0.13200615393546494,-0.27948428098205,0.0,100000.0
-0.7044672103532654,0.5152381030298528,0.0,-0.503730269768281,-0.6887329485676608,0.0,100000.0
0.44326311699819854,0.2298367445529619,0.0,-0.24497754258358345,0.4724636581995075,0.0,100000.0
0.9088274498208698,0.0016458947200736684,0.0,-0.0016805203817146894,0.9279469909335365,0.0,100000.0
0.12465003048730766,-0.1671014122211477,0.0,0.12579537756387957,0.09383761298048154,0.0,100000.0
0.07142614342104801,-0.19585407349040393,0.0,0.1474406277880107,0.0537702139087334,0.0,100000.0
-0.3941012692167314,0.08803729251033254,0.0,-0.08816358508648904,-0.39466662127535,0.0,100000.0
-0.9074092445207372,0.2539033731751321,0.0,-0.253761869403003,-0.9069035331181716,0.0,100000.0
0.7524543913231021,0.4041066100599548,0.0,-0.4138324597498346,0.7705641131794528,0.0,100000.0
0.19395881231156084,-0.11350776402294761,0.0,0.12384837155206956,0.21162854593897154,0.0,100000.0
0.04502266506685973,-0.742659906343405,0.0,0.6629690217788917,0.0401915223405809,0.0,100000.0
-0.24604822480908842,-1.1218295682895143,0.0,1.0831583228037114,-0.23756655203820037,0.0,100000.0
-0.05310554236194218,0.805719555364312,0.0,-0.7536344673467902,-0.04967257759185004,0.0,100000.0
-1.431341453182636,-0.11228975560267962,0.0,0.11434189892312549,-1.4574998305578553,0.0,100000.0
0.554217443236625,0.2787724569161131,0.0,-0.2849558147219965,0.5665103533458369,0.0,100000.0
-0.2466921346981647,0.46076652889759,0.0,-0.4817493771348492,-0.2579262485043079,0.0,100000.0
0.34581687432975,-1.0240341276312392,0.0,1.0231851214124237,0.3455301644741356,0.0,100000.0
0.13857167693796812,-0.23885361920901316,0.0,0.23143107551845848,0.13426546491676597,0.0,100000.0
0.24919663600775,-0.16451424340284346,0.0,0.19639865847272642,0.297493299033052,0.0,100000.0
1.1012026262341308,-0.977351756419501,0.0,0.9749613518008553,1.0985093074504635,0.0,100000.0
-0.0788931368309177,-0.5798780589594369,0.0,0.5799689184677176,-0.07890549838091675,0.0,100000.0
-1.0065023324909503,0.05897854921300932,0.0,-0.05994727666459347,-1.0230342148884983,0.0,100000.0
-0.3285822144807809,0.5178437020418227,0.0,-0.5180228463268495,-0.3286958851224312,0.0,100000.0
0.09278454086835676,0.9581200912032877,0.0,-0.9552560034598981,0.09250718203962857,0.0,100000.0
0.22669229662117715,-0.043787878217886336,0.0,0.031544393646657,0.16330709164990276,0.0,100000.0
-0.459158071417624,-0.32519676945697223,0.0,0.30295699123755626,-0.4277568564146753,0.0,100000.0
-0.38237101010690877,0.32331697241563734,0.0,-0.25157100100847707,-0.2975205942654841,0.0,100000.0
0.07537080903996084,-0.5648804335214339,0.0,0.4949774108641072,0.06604379564143159,0.0,100000.0
-0.15996418498075557,-0.4307752496245149,0.0,0.3740856104617369,-0.13891304071601127,0.0,100000.0
-0.17050223684838453,-0.4442575353246498,0.0,0.40157554491368963,-0.15412125451368555,0.0,100000.0
-0.4206603658108458,-0.0077312958227603885,0.0,0.007677691442264218,-0.41774374758467475,0.0,100000.0
0.0710290780911098,0.06491177287969337,0.0,-0.06312485960463322,0.06907376556572976,0.0,100000.0
-0.1653350016213617,-0.7772582103561837,0.0,0.758136353801473,-0.1612674830768773,0.0,100000.0
-0.5487718600988457,0.17261246524231216,0.0,-0.15891373812937615,-0.5052206834894427,0.0,100000.0
0.15066598501219156,0.6434320084269015,0.0,-0.6805106068689418,0.15934830650688941,0.0,100000.0
0.5481950367013351,-1.342087801519418,0.0,1.3457834852937556,0.5497045918139111,0.0,100000.0
-0.40290058922928307,-0.4187575411171508,0.0,0.41925293421790094,-0.40337722344501536,0.0,100000.0
-0.45561394501371255,-0.14947817517272066,0.0,0.14957550371777317,-0.45591060532765193,0.0,100000.0
-1.0031447074377577,-0.6121877496026327,0.0,0.6204683927322098,-1.0167135567572807,0.0,100000.0
-0.036467914597703946,0.18280079670139296,0.0,-0.17205488772733926,-0.0343241553919898,0.0,100000.0
-0.48274582499835383,0.24769284164934466,0.0,-0.2663854541246922,-0.519177158946878,0.0,100000.0
-0.2954647674132305,0.6104181156926983,0.0,-0.6542880105372032,-0.3166994063327608,0.0,100000.0
-0.46829473123142235,0.8784567598090565,0.0,-0.8780167675875074,-0.46806017667101457,0.0,100000.0
-0.2899756682208839,0.00033845945542053765,0.0,-0.00040218603945658846,-0.34457351884475756,0.0,100000.0
-0.6212590432945386,-0.06828844625745224,0.0,0.06858791414447524,-0.6239834739000898,0.0,100000.0
0.4725646735179545,0.10744526761424265,0.0,-0.10496471700998357,0.46165474130339623,0.0,100000.0
0.2620875039716531,-0.6301602887015656,0.0,0.6588257674679632,0.27400965126455484,0.0,100000.0
-0.7449009371272856,-0.17439734758904796,0.0,0.17047245156450266,-0.7281365839577622,0.0,100000.0
0.4124322479294195,-0.03288496743884954,0.0,0.03304882793117888,0.41448733134477883,0.0,100000.0
0.18464394226553996,0.10749761959869396,0.0,-0.11022040339963969,0.1893207484759491,0.0,100000.0
-0.18725522220166474,0.1437303118468901,0.0,-0.16932237393952781,-0.2205971610882975,0.0,100000.0
-0.7390110021724605,-0.04368948826468058,0.0,0.04353436427165138,-0.7363870680843567,0.0,100000.0
-0.05943189883240808,-0.05270968231362291,0.0,0.01509894963051265,-0.017024561855200727,0.0,100000.0
-0.7977395594462299,0.9439052911710067,0.0,-0.9480992751289651,-0.801284096113458,0.0,100000.0
0.5869249123110313,-0.5151611801324257,0.0,0.5271523178763181,0.6005864569698007,0.0,100000.0
0.7740150896747988,0.6707220184992411,0.0,-0.6690672580500058,0.7721054914773653,0.0,100000.0
-0.12998556703317238,-0.35244609031426444,0.0,0.339593208761013,-0.12524529854212488,0.0,100000.0
-0.10573076389402873,-0.44252335850641494,0.0,0.4712452219615629,-0.11259319161721694,0.0,100000.0
-0.08995731983780304,-0.2474016426839762,0.0,0.2557879480218226,-0.09300665105221938,0.0,100000.0
0.2630199196093227,0.20093494427947897,0.0,-0.19843471205456067,0.2597471644339562,0.0,100000.0
-0.39781661625697706,1.165326215089579,0.0,-1.1694464283385735,-0.39922316600394747,0.0,100000.0
0.4203271413693859,0.36622542824669224,0.0,-0.2915685919193207,0.33464140745571513,0.0,100000.0
0.2619627904068325,0.37925775904508197,0.0,-0.341418974024116,0.2358265981384016,0.0,100000.0
-0.41689990712681324,-0.1369832148349914,0.0,0.13045571112712667,-0.39703385497687055,0.0,100000.0
0.35553484876166924,-1.4458696183265025,0.0,1.4593785286706962,0.35885664786117366,0.0,100000.0
0.1899722718111799,0.2779698895913985,0.0,-0.27511813966087056,0.18802330743328946,0.0,100000.0
0.4242563220954653,0.8252955575531452,0.0,-0.830080094812247,0.4267158896551084,0.0,100000.0
0.023640729500878453,1.4973079822675572,0.0,-1.5101446708323527,0.02384340569418089,0.0,100000.0
-0.04726017719873688,0.045574929606304375,0.0,-0.020017025387474224,-0.020757205221723158,0.0,100000.0
0.2850270131573749,-0.1391089562696992,0.0,0.13888365291828056,0.2845653783134997,0.0,100000.0
-0.7712119843459293,0.5692413874679155,0.0,-0.5682547706890283,-0.7698753094298288,0.0,100000.0
-0.3424051183696218,0.050705027048064,0.0,-0.04216192717914276,-0.2847145639579529,0.0,100000.0
-0.39342656400646453,0.18708488926153136,0.0,-0.19997322560686434,-0.4205298426524252,0.0,100000.0
0.3028735312218666,-0.6158536753879866,0.0,0.6068080247495166,0.29842492880125626,0.0,100000.0
-0.014049319375541176,0.1571249630366128,0.0,-0.15742051098126833,-0.014075745777718165,0.0,100000.0
-0.10790602702671936,-0.13434243291919729,0.0,0.12911337420533484,-0.10370596202386416,0.0,100000.0
0.30514710817110285,0.4754434101604569,0.0,-0.4797668362391322,0.3079219514796978,0.0,100000.0
-0.6774155974092192,-1.7742652267305112,0.0,1.7697705956640393,-0.675699544395748,0.0,100000.0
0.10814313358457832,-0.10042697194120569,0.0,0.11600254678338119,0.12491543527062436,0.0,100000.0
-1.1046465343634868,1.274995384172816,0.0,-1.2785639821658754,-1.1077383411688324,0.0,100000.0
0.8110333027192485,0.2601987275153874,0.0,-0.2565328767619092,0.7996069322974582,0.0,100000.0
0.9907205192020675,0.023791768638012065,0.0,-0.02459009008633204,1.0239636736645765,0.0,100000.0
0.301434359577899,0.5149978477548351,0.0,-0.5477283067343015,0.32059188612714173,0.0,100000.0
-0.1831471061802984,-1.1233836390097462,0.0,1.1222045249088048,-0.18295487324406465,0.0,100000.0
-0.040028665994354375,-0.10202136064040643,0.0,0.06921197808295812,-0.027155716568575548,0.0,100000.0
0.4335653854602498,0.32467804315484694,0.0,-0.322054934833539,0.4300625647601463,0.0,100000.0
0.06482862831562598,-0.09251648564503641,0.0,0.09203063844713416,0.06448818296481748,0.0,100000.0
-0.8357377306180064,0.09914315470582845,0.0,-0.10028017305027606,-0.8453223472632928,0.0,100000.0
0.011869353445215544,-0.12357551545079196,0.0,0.12759177702984092,0.012255112938398918,0.0,100000.0
0.2676723548569597,-0.2148145036266981,0.0,0.17728021995956644,0.22090228148002608,0.0,100000.0
-0.04738440390624558,-0.4013598854361519,0.0,0.3364877194788918,-0.03972561929539336,0.0,100000.0
0.26612138848228706,0.17739536174440113,0.0,-0.19303395849362814,0.2895817824852336,0.0,100000.0
0.23662723765634489,-0.43934943301943724,0.0,0.4634727066735573,0.24961968325658757,0.0,100000.0
0.03424812644609823,-0.6731246340473386,0.0,0.7501683193977925,0.038168057086417344,0.0,100000.0
0.1700373202633242,0.08488160102668503,0.0,-0.09107861296791991,0.1824513568906038,0.0,100000.0
-0.16565906198508154,0.12074797381395841,0.0,-0.11713181324748477,-0.16069790405830386,0.0,100000.0
-0.8767569306534184,-0.2023470792762272,0.0,0.19377759844343073,-0.8396259192292341,0.0,100000.0
-0.16619255353130383,0.04363490058588076,0.0,-0.047091639815518366,-0.1793582606087068,0.0,100000.0
0.7572140487641209,0.44160380927420495,0.0,-0.4417656612797975,0.7574915749309733,0.0,100000.0
0.460124465301718,-0.17082854050248567,0.0,0.16039817758721425,0.43203041763746197,0.0,100000.0
0.38451182180432314,0.8508258924023989,0.0,-0.8509280319208593,0.3845579814859597,0.0,100000.0
0.784521866441976,0.7111966452919031,0.0,-0.7130839689590371,0.786603775426955,0.0,100000.0
-1.1555152919909117,-0.41925821608003677,0.0,0.4204646094301834,-1.1588402261503044,0.0,100000.0
-0.11517182228917967,0.4039241340580575,0.0,-0.40520852498610527,-0.11553804364423662,0.0,100000.0
-0.6284083871688945,0.0955751491983684,0.0,-0.09566746418010892,-0.6290153598942697,0.0,100000.0
0.8716322384743318,-1.3649831791039402,0.0,1.3765706810284828,0.8790316265367143,0.0,100000.0
-0.08002966244972264,-0.04952337693715598,0.0,0.07422301155373615,-0.11994421479345287,0.0,100000.0
-0.04118312340297838,0.08462424050974537,0.0,-0.12683032477877076,-0.061723081768780295,0.0,100000.0
-0.5282977312008685,-0.929841753468859,0.0,0.9274290944998801,-0.5269269578894766,0.0,100000.0
0.05123189874199206,0.08635217028556598,0.0,-0.07368199180853323,0.04371480567262642,0.0,100000.0
-0.08456992664974067,-0.2416967414229182,0.0,0.24605755560640644,-0.08609577980547453,0.0,100000.0
-0.07420449909882387,-0.146156882714666,0.0,0.04811018482958617,-0.024425754713178816,0.0,100000.0
-0.5673358465925399,1.2238841858809044,0.0,-1.2297893185357516,-0.5700731917373074,0.0,100000.0
-0.8668763406313102,-1.2247459454869123,0.0,1.2279111111689087,-0.8691166478999415,0.0,100000.0
0.6444028976457649,-0.42544077718862156,0.0,0.3967972470299975,0.6010173671026084,0.0,100000.0
-0.4954434339781624,-0.6384866309458471,0.0,0.6296368448353847,-0.4885763075450772,0.0,100000.0
-0.6175906236575789,0.05146195158459765,0.0,-0.05174568164654783,-0.6209956446588163,0.0,100000.0
0.44607339200829943,0.6016426802460447,0.0,-0.6283531530502793,0.4658772250758898,0.0,100000.0
0.21881274862212552,-0.05581827305778323,0.0,0.04245748065776243,0.16643721730119534,0.0,100000.0
0.23913279287160863,-0.12869400916992635,0.0,0.13226848906664343,0.2457747132397645,0.0,100000.0
-1.5262508953653908,-1.6420657174548152,0.0,1.6423257051963975,-1.5264925461831116,0.0,100000.0
-0.7190306153893495,-0.4953460569356632,0.0,0.48573108694623857,-0.7050737912829571,0.0,100000.0
0.08597259650809268,-0.10996076175858553,0.0,0.11581285469488156,0.09054804339199675,0.0,100000.0
-0.10353701839506303,-0.05913317850072268,0.0,0.05873800701683548,-0.10284510772437361,0.0,100000.0
-0.05048286808301742,-0.08815029050128141,0.0,0.07744811058579552,-0.04435382717116315,0.0,100000.0
-0.09080776929481424,0.07294108144088901,0.0,-0.07827025000003444,-0.09744230088513936,0.0,100000.0
-0.006700935838342112,-0.26430117627636385,0.0,0.27189913535696353,-0.006893570002967283,0.0,100000.0
-0.16988811816448687,0.48400129647754603,0.0,-0.4798712363387505,-0.1684384357979466,0.0,100000.0
2.1030610014881406,0.729755920785003,0.0,-0.7301707693730876,2.1042565407941933,0.0,100000.0
0.21254991591721006,0.4900158691178428,0.0,-0.4870739524183739,0.2112738263321253,0.0,100000.0
-0.03496664478482975,-0.1790496294869677,0.0,0.1523490987888295,-0.029752291785812818,0.0,100000.0
-0.26428833513497657,-0.8532902867106814,0.0,0.8501547127572261,-0.2633171584642028,0.0,100000.0
0.06694579169196054,1.3756537128591342,0.0,-1.3736246859828745,0.06684704968346977,0.0,100000.0
0.3288182429077305,-0.10110646020561426,0.0,0.09871172474770326,0.32103008868002064,0.0,100000.0
1.2755646078886111,0.02171807028480212,0.0,-0.021746644828838178,1.2772428728808956,0.0,100000.0
-0.15574073067597652,0.012262993372470228,0.0,-0.01395481381186196,-0.17722694887739301,0.0,100000.0
0.09502435070044028,0.05769491974320592,0.0,-0.0687505311836563,0.11323309946724776,0.0,100000.0
0.5001022172516412,-0.583759061223952,0.0,0.5792180474114044,0.4962119631604002,0.0,100000.0
-0.0901058565950304,-0.006528620867301232,0.0,0.0069877588683686315,-0.09644272677364896,0.0,100000.0
-1.1591580416789984,0.5840984922935681,0.0,-0.5829279272135685,-1.1568350260511677,0.0,100000.0
1.249591117555907,0.003484417213335104,0.0,-0.003483596784657634,1.2492968932064141,0.0,100000.0
0.48714885375685474,-0.26300035131563665,0.0,0.2903252684464443,0.5377621019623623,0.0,100000.0
0.08208733526465564,-0.03825360259763029,0.0,0.04390696030015623,0.09421871734596106,0.0,100000.0
-0.004142995866081028,0.6525683257075431,0.0,-0.6867464503761131,-0.004359984376914371,0.0,100000.0
0.06943420490142554,-0.09650610759827823,0.0,0.10596421019759569,0.07623911963898182,0.0,100000.0
0.2826126764904675,0.07315380167203697,0.0,-0.0650491321115964,0.25130217308265257,0.0,100000.0
0.025210885621850622,-1.178389375572869,0.0,1.1791769182178187,0.025227734592110987,0.0,100000.0
0.8189226737914369,-0.4388622753313568,0.0,0.4437405148873448,0.8280255318066732,0.0,100000.0
0.84225234345257,0.5051118380447774,0.0,-0.49657015290478357,0.8280094495341819,0.0,100000.0
-0.12798366044246817,0.220293012270224,0.0,-0.22016927989285207,-0.12791177562683959,0.0,100000.0
0.018211432229317752,-0.059519019026742524,0.0,0.05126712326569709,0.015686544506484965,0.0,100000.0
0.11992432243362976,-0.960618326484108,0.0,0.9634632074302104,0.1202794795344883,0.0,100000.0
-0.13811288180834308,0.07586220297914013,0.0,-0.07556377435580476,-0.13756956991435185,0.0,100000.0
-0.003785520222109206,0.8272659482045269,0.0,-0.8265641731930466,-0.003782308941017442,0.0,100000.0
0.060967672997225233,0.8071242089842716,0.0,-0.8086177757493551,0.06108049242342945,0.0,100000.0
0.6679875467320967,-0.3769413441844031,0.0,0.3435243057180661,0.6087683448892223,0.0,100000.0
-0.26481115796362187,0.4202444594482227,0.0,-0.42090647110621826,-0.26522831533428515,0.0,100000.0
0.0371243619285732,-0.0635926655986122,0.0,0.06638459485102845,0.03875424473140909,0.0,100000.0
-0.7901309774116614,0.7185139407787102,0.0,-0.708679495159044,-0.7793162949277737,0.0,100000.0
-0.626608947563527,-0.1623366557179263,0.0,0.1601201588945716,-0.6180534137833223,0.0,100000.0
-0.0866336673458067,-0.24236625844682197,0.0,0.2340624415608059,-0.08366547319859438,0.0,100000.0
0.040265478820747505,0.4126294242086244,0.0,-0.4258567584678941,0.04155623734697972,0.0,100000.0
0.5158202809449253,0.2260546394724276,0.0,-0.23208375213744983,0.5295777450517378,0.0,100000.0
0.7540809610897967,0.49628645680796585,0.0,-0.49351851068326474,0.7498752136926496,0.0,100000.0
0.7000554461043358,0.0878824700489636,0.0,-0.0749406918163718,0.5969636425973031,0.0,100000.0
-0.11679458420488496,0.149456505702345,0.0,-0.15270624450184875,-0.11933413168111481,0.0,100000.0
0.08247813532061767,0.07740696486653867,0.0,-0.07801859989466885,0.08312984045727982,0.0,100000.0
0.2082507432413197,0.11196741334497302,0.0,-0.11208354882933792,0.20846674627481984,0.0,100000.0
0.5817133347224381,-1.285597235332826,0.0,1.3056379843819972,0.5907814710246377,0.0,100000.0
0.9862403192570589,0.5013464314450655,0.0,-0.5049347788192872,0.9932992562275624,0.0,100000.0
-0.016309653268611238,-0.3998366420147351,0.0,0.3997385401602457,-0.016305651616277256,0.0,100000.0
-0.1243402977327084,-0.02791389650664697,0.0,0.015833732068876345,-0.07053013753186359,0.0,100000.0
0.23141253036802623,-0.17697139617458368,0.0,0.1703539618408973,0.22275939626384633,0.0,100000.0
-1.7929152263603163,0.8718471562159321,0.0,-0.8646916399982759,-1.7782002228328788,0.0,100000.0
0.2637198735957454,-0.6482526897695436,0.0,0.5170183544034038,0.21033158399762011,0.0,100000.0
0.29550028274653983,-0.4793619737146235,0.0,0.4842715899153983,0.29852679101181506,0.0,100000.0
0.13561109221648174,0.038126876811253665,0.0,-0.029981138554078697,0.10663802769211386,0.0,100000.0
-0.4626174136484494,0.29362521846243117,0.0,-0.29466371063249414,-0.46425359654964715,0.0,100000.0
0.09046678898900533,0.11528710400186086,0.0,-0.11585066326786511,0.0909090188259139,0.0,100000.0
0.3015077454389055,0.1994478877769243,0.0,-0.2038876015743021,0.30821931362025706,0.0,100000.0
0.09539806969434075,0.4805174463463413,0.0,-0.48636935790995767,0.09655986115776374,0.0,100000.0
-0.36838702163469944,0.2767430380617913,0.0,-0.24247454498762755,-0.3227704518813465,0.0,100000.0
-1.5320407969291518,0.47202270175613587,0.0,-0.4693399010295385,-1.523333249288145,0.0,100000.0
0.1720962246499939,-0.024641963032275643,0.0,0.02517386304372362,0.1758109442825812,0.0,100000.0
-0.3547137525404325,0.34867469592423883,0.0,-0.3550718818963476,-0.36122173797324625,0.0,100000.0
-0.11766422018846688,0.23253249938824472,0.0,-0.22516945033344218,-0.11393842948169669,0.0,100000.0
1.1728923129580282,0.6729770620574814,0.0,-0.6662635194479478,1.1611916726786042,0.0,100000.0
-0.20397927507908004,-0.9188567520108657,0.0,0.9141150236768621,-0.202926647119308,0.0,100000.0
1.5839868061598659,1.0880944144423819,0.0,-1.0942205529905495,1.5929048949802906,0.0,100000.0
-0.20837173231235176,-0.6200822256914097,0.0,0.5060428039556505,-0.17005005355034078,0.0,100000.0
0.008569240099014183,-0.24604120317971248,0.0,0.26741769909501883,0.009313750870407452,0.0,100000.0
-0.4209523118895089,-0.5476596008596739,0.0,0.5333425756268279,-0.40994769357972927,0.0,100000.0
0.7924254739843917,0.381883549894615,0.0,-0.37474940208890417,0.7776217976857525,0.0,100000.0
-0.3243186066739415,0.7197006285251752,0.0,-0.7393758438663459,-0.33318484656945807,0.0,100000.0
0.2618559112179906,0.2740951784681952,0.0,-0.26578048684675404,0.25391249841081603,0.0,100000.0
-0.01673596282357293,-0.05856767846169514,0.0,0.059158795873726834,-0.01690487713419563,0.0,100000.0
-0.9678804264131475,0.05759577489517764,0.0,-0.055559579560555926,-0.933662749642223,0.0,100000.0
0.559258277027055,0.11754842377009804,0.0,-0.11550174009964807,0.5495208024915059,0.0,100000.0
-0.6294625335083852,-0.7693408557452114,0.0,0.7797860696124648,-0.6380086424727266,0.0,100000.0
0.10445907576670208,0.277759213803742,0.0,-0.24274737351682332,0.09129189968214174,0.0,100000.0
-0.9569886566190696,-0.13516429215449074,0.0,0.12626704954896417,-0.8939945025199619,0.0,100000.0
0.8473966299619041,0.762207900191494,0.0,-0.7620107618970763,0.8471774583601875,0.0,100000.0
0.6677550534597698,-0.35235475658280124,0.0,0.3581729821430363,0.6787812974579909,0.0,100000.0
-0.22007214186093674,-1.9732645575623962,0.0,1.9732568589740183,-0.22007128326099523,0.0,100000.0
-0.005811457093460484,0.8651092462543006,0.0,-0.8542169198346844,-0.005738286811314454,0.0,100000.0
-0.05774692355244037,0.08282228074482184,0.0,0.012567614066425644,0.008762630565155383,0.0,100000.0
0.6740399918048496,0.26253670802713025,0.0,-0.262556166523963,0.6740899497903226,0.0,100000.0
0.18350718080941342,0.30089105272581773,0.0,-0.28605313479030176,0.17445784396552547,0.0,100000.0
-0.060919300641337056,-0.1614888995458172,0.0,0.04811544363697687,-0.018150839993684404,0.0,100000.0
-1.2225308101885723,-0.21528027589886578,0.0,0.21318066707538902,-1.2106075791107287,0.0,100000.0
-0.36471883750768747,0.3968223904660555,0.0,-0.39554795329481923,-0.3635475042998411,0.0,100000.0
0.11653618679896093,0.019868803490811746,0.0,-0.02207154852959719,0.1294559133154114,0.0,100000.0
-0.1912526144532539,0.831417190882385,0.0,-0.8352070785379658,-0.1921244101420641,0.0,100000.0
-0.28329851987796284,0.07694469890683242,0.0,-0.07403106746163692,-0.2725709780509003,0.0,100000.0
0.28278905174467317,-1.1083952745530445,0.0,1.1043357855013358,0.28175333904735633,0.0,100000.0
0.3086385025386227,0.16596933849972267,0.0,-0.1790171334554761,0.33290233303272004,0.0,100000.0
-0.852705823077058,-0.6701622676592826,0.0,0.6502830838361018,-0.827411806057491,0.0,100000.0
0.967792271694657,-0.22871600485944119,0.0,0.2236028007367517,0.9461561844580979,0.0,100000.0
0.17987824422888357,0.45804372945933347,0.0,-0.4647389498308101,0.18250752263111872,0.0,100000.0
1.5296083618428336,0.9187506805375277,0.0,-0.9118449915341538,1.5181112278895104,0.0,100000.0
-1.4733396984822806,0.7969009482496159,0.0,-0.8010473679051816,-1.481005751206312,0.0,100000.0
-0.2586608943480299,0.15043033634139355,0.0,-0.15064240622933223,-0.25902554278406087,0.0,100000.0
-0.29882580471889625,0.11211386442593042,0.0,-0.11611408198792637,-0.30948789578260977,0.0,100000.0
-0.2868106779824494,0.03677184046436248,0.0,-0.03301410935087024,-0.2575013642596031,0.0,100000.0
0.19163672453905528,-0.032606475365766226,0.0,0.019960049466117864,0.11731039489598818,0.0,100000.0
-0.0366994771234892,0.6223120128333198,0.0,-0.6022380754858846,-0.03551566098420816,0.0,100000.0
0.20801524164363136,0.6350980960689231,0.0,-0.6166808436888954,0.201982993668151,0.0,100000.0
0.03249803588512142,-0.29670465959717623,0.0,0.2876455014702147,0.03150578707346243,0.0,100000.0
0.09890563460546031,-0.33397744623557407,0.0,0.33539235396707046,0.09932465196327649,0.0,100000.0
-0.9824620902421305,1.2543447715919505,0.0,-1.253776712398906,-0.9820171594425455,0.0,100000.0
-0.6593502942005747,-0.3385236734941658,0.0,0.33852358599685123,-0.6593501237800558,0.0,100000.0
-0.27114262318372173,0.10220747539258614,0.0,-0.10221430089634707,-0.2711607303230203,0.0,100000.0
-0.6995572241714817,-0.22418627622587675,0.0,0.21213835870343298,-0.6619625601227512,0.0,100000.0
-0.17954398622699294,-0.8791301802421037,0.0,0.857331528191034,-0.17509206662329282,0.0,100000.0
-0.3365403814953707,-1.3999292933556178,0.0,1.4053538829642613,-0.3378444426826131,0.0,100000.0
-0.6807347989475202,0.13788678722633668,0.0,-0.1135185544750745,-0.5604310022145695,0.0,100000.0
-0.5289196046820472,-0.03126228559943538,0.0,0.0327990849820604,-0.5549203690646847,0.0,100000.0
0.5536269255256638,0.11431983232372118,0.0,-0.11956498685506257,0.5790281067386545,0.0,100000.0
-0.09933200643384553,0.026874844449020913,0.0,-0.0300117113852052,-0.11092616792855613,0.0,100000.0
-0.5337459865261783,-0.6040643546096404,0.0,0.5915921315833109,-0.5227256392195331,0.0,100000.0
0.26576598476393765,-0.0003141189347355805,0.0,0.000298312160029493,0.25239237820551325,0.0,100000.0
0.37902397194492377,0.5867061766730072,0.0,-0.5863496957309375,0.3787936780977512,0.0,100000.0
-0.5038327794723784,0.5242801916033261,0.0,-0.5225649620441349,-0.5021844454515991,0.0,100000.0
0.18941884880846538,0.130005809699969,0.0,-0.13822458810528845,0.2013936332257179,0.0,100000.0
-0.4307062251168191,0.3045718303684608,0.0,-0.3021965746661368,-0.42734728868465616,0.0,100000.0
-0.7740244891845717,-0.004605224611494403,0.0,0.00411708187704337,-0.6919797546585802,0.0,100000.0
-1.2568482193740733,-0.561583214369678,0.0,0.5385439311540696,-1.2052852784879329,0.0,100000.0
0.42921391611301035,-0.184634218493763,0.0,0.18846119702757508,0.4381103842583959,0.0,100000.0
-0.044241636659076496,0.11607674779119799,0.0,-0.11293883179969007,-0.04304564743811103,0.0,100000.0
-0.11418353600072484,-0.5156233288186963,0.0,0.5302173004074912,-0.11741533562492036,0.0,100000.0
-0.4405292071651577,0.29552683853244754,0.0,-0.2889981661015234,-0.4307971946544894,0.0,100000.0
-0.09027852952955003,-0.37076970237041007,0.0,0.38446735900885864,-0.09361376509872932,0.0,100000.0
-0.8783157179794007,-1.6343426374836039,0.0,1.6591497720498096,-0.8916473754347041,0.0,100000.0
-0.1799099574631176,0.35958362607928984,0.0,-0.3518011465069272,-0.17601616067351458,0.0,100000.0
-0.7727521013383828,0.7349853328769187,0.0,-0.7405069616496993,-0.7785574556034471,0.0,100000.0
-0.0009622298191749284,0.2861968594512451,0.0,-0.24269858559591645,-0.0008159831543216242,0.0,100000.0
-1.197661404711122,-0.02718994877770094,0.0,0.02718734278791205,-1.197546616212742,0.0,100000.0
-0.20132253856305707,0.08439951914433104,0.0,-0.08446462485257898,-0.2014778385765205,0.0,100000.0
0.2590371582944714,-0.8857019467285283,0.0,0.8833829667022828,0.25835893691496664,0.0,100000.0
0.06405611876607496,-0.16134430798107768,0.0,0.06927904399276062,0.027504823228848344,0.0,100000.0
0.07781499299687482,-0.23048431621987506,0.0,0.1716253416929696,0.05794331250367764,0.0,100000.0
0.09997581092119863,0.6379101593213246,0.0,-0.3952916337887313,0.0619516730701373,0.0,100000.0
-0.2803226211122152,-0.07295596006200873,0.0,0.07789894944455471,-0.29931533587695025,0.0,100000.0
-0.3691626052953375,0.8130802576935943,0.0,-0.8152107614443438,-0.37012991732607015,0.0,100000.0
-0.10226769878629512,-0.07452650261291482,0.0,0.08563957958019176,-0.11751742563556557,0.0,100000.0
-0.7276800741957802,0.3909517545957078,0.0,-0.3703725874462613,-0.6893759875606335,0.0,100000.0
-0.015712229541746395,0.06702153326179155,0.0,-0.06814128813429486,-0.015974739883288985,0.0,100000.0
1.279497479132419,1.7056253796529575,0.0,-1.7048072328977548,1.2788837355030558,0.0,100000.0
-0.8435673710239793,0.3495519474907967,0.0,-0.3472104435078972,-0.8379166619569137,0.0,100000.0
0.3850258160083006,0.09470857824854448,0.0,-0.1042034154210599,0.42362588263183143,0.0,100000.0
-0.09987718714382124,0.1292877356019632,0.0,-0.13806716229649243,-0.10665945801353895,0.0,100000.0
-0.030126632778366965,-0.0756275615011917,0.0,0.05965319892739154,-0.023763162297809653,0.0,100000.0
-0.23053519402506464,0.17578691542419886,0.0,-0.17990585882952917,-0.23593696932122166,0.0,100000.0
0.6080086307705667,-0.3094905337515499,0.0,0.35047695604992346,0.6885283746210312,0.0,100000.0
0.5532595213033655,-1.229249876703191,0.0,1.2338167121877992,0.5553149579253011,0.0,100000.0
-0.0057559560399285175,-0.5071927054249667,0.0,0.5515863574157301,-0.006259764368750236,0.0,100000.0
-0.1311016608516184,0.2729746611316611,0.0,-0.277025985947979,-0.13304739240731206,0.0,100000.0
0.06988087538193194,0.9580935271466495,0.0,-0.8979598392972904,0.06549487899661886,0.0,100000.0
-0.09422000381085995,-0.16278155082971743,0.0,0.16307772662988265,-0.09439143407969576,0.0,100000.0
0.013309070795757372,0.0024298893922071398,0.0,-0.002599500713134339,0.014238071549956965,0.0,100000.0
0.00823863641117976,0.010731290602216755,0.0,-0.011480356950723396,0.00881371032558121,0.0,100000.0
0.6439624247301395,-0.2247405704064769,0.0,0.2255313304098994,0.6462282360532245,0.0,100000.0
-0.15866293383346838,-0.004035012240154964,0.0,0.004289300269833365,-0.16866193319857511,0.0,100000.0
0.7748208014305904,0.04867049714009146,0.0,-0.049610300186173295,0.7897822049941512,0.0,100000.0
-0.3710075010291247,-0.3694708259944282,0.0,0.35701934134626157,-0.35850422911046864,0.0,100000.0
-0.32293921364976647,0.19527306891659105,0.0,-0.1899739761738646,-0.31417566600396063,0.0,100000.0
0.20462908068485303,-0.11385981221839979,0.0,0.11624098207896624,0.20890852388811038,0.0,100000.0
-0.19982147112446036,-0.3165261671561807,0.0,0.3100158934999687,-0.19571156618012375,0.0,100000.0
0.23851057440983303,-0.6299035120617866,0.0,0.5625742765227363,0.21301661488191942,0.0,100000.0
-0.43962070302455947,0.08325177874582106,0.0,-0.08978675612472099,-0.47412941134096637,0.0,100000.0
0.3442980216246791,0.04657503960676155,0.0,-0.03850213315519137,0.28462044016679433,0.0,100000.0
-0.6421767369045015,0.8007104507638764,0.0,-0.8410892398613159,-0.6745608765120354,0.0,100000.0
0.5523800080707417,-0.9638594429972032,0.0,0.9556779154094269,0.5476912411475132,0.0,100000.0
0.5253327039640583,0.384601111507826,0.0,-0.345164162605563,0.4714651555274577,0.0,100000.0
0.8492791748673129,-0.2566171649928786,0.0,0.255153360069671,0.8444346858504422,0.0,100000.0
1.3669408986018479,0.34510675937062923,0.0,-0.3447793236422684,1.36564395127582,0.0,100000.0
0.09743020574946651,-0.02883578976188017,0.0,0.01477666051770596,0.049927298208885196,0.0,100000.0
-0.2613901132397974,-0.701128217608259,0.0,0.6125465746619756,-0.22836567477163497,0.0,100000.0
0.4867044581365349,-0.40396616833987364,0.0,0.4185506990359888,0.5042761180079532,0.0,100000.0
-0.13105695677349197,-0.21357689572382813,0.0,0.21905746128559062,-0.13441999022094395,0.0,100000.0
-0.019994542165996915,0.4754035274446809,0.0,-0.4429785619645361,-0.018630811562211715,0.0,100000.0
0.4880159363037261,-0.002201515620595824,0.0,0.001938503525469319,0.4297133321061561,0.0,100000.0
0.5170069062041346,0.3778930316047685,0.0,-0.3822759236414958,0.5230032735954897,0.0,100000.0
0.5224801376755086,-0.4334396506662586,0.0,0.4187752023895073,0.5048032063131033,0.0,100000.0
0.30260048819182606,0.2021604278217887,0.0,-0.20456194310747358,0.30619515657316226,0.0,100000.0
-0.07637711528868339,-0.025251385165632613,0.0,0.02107461915250309,-0.06374377508868426,0.0,100000.0
-0.2954841045693937,0.4457031095341501,0.0,-0.4816645897346157,-0.3193251896969597,0.0,100000.0
0.3430296515301345,-1.3704100505228112,0.0,1.3717590203237222,0.3433673144366161,0.0,100000.0
0.14931948291178607,-0.42374280016560606,0.0,0.2767727987102504,0.09752984869904786,0.0,100000.0
-0.5998059572422697,-0.4010445256440434,0.0,0.41410641039359636,-0.6193414346883516,0.0,100000.0
-0.2683318351161374,0.06776199350055218,0.0,-0.044098298291614726,-0.1746255783633547,0.0,100000.0
0.6506087144275465,1.5394620073425083,0.0,-1.5408335705375356,0.651188365606216,0.0,100000.0
0.15364211045635803,-0.0589519696814028,0.0,0.05030045330895137,0.13109431025061702,0.0,100000.0
-0.6310492738845549,-0.41667320525146223,0.0,0.3909951193587559,-0.5921599542616184,0.0,100000.0
0.43894522691975085,-0.2413608846931551,0.0,0.20752913056862732,0.3774179127065825,0.0,100000.0
-0.0062514775446967106,0.7443824584151546,0.0,-0.7381434045036436,-0.006199080682053004,0.0,100000.0
0.14515594813161173,0.050397402159714666,0.0,-0.04909607567315276,0.14140783271512572,0.0,100000.0
-0.10320666686250471,0.23993044329232244,0.0,-0.2347646701551886,-0.10098459691616661,0.0,100000.0
-0.049169329236898006,0.5109102013994219,0.0,-0.520760427368618,-0.05011730209477134,0.0,100000.0
-0.41909516994193396,0.2963209330488579,0.0,-0.30203392946572216,-0.4271752241573701,0.0,100000.0
-0.0046112648482327535,-0.15566745115723932,0.0,0.11381587171851015,-0.0033715148833290756,0.0,100000.0
-0.03137764717254462,-0.2501139133713371,0.0,0.16706988404578615,-0.02095948923466558,0.0,100000.0
1.1267257122885763,-0.07050495195401901,0.0,0.07214957477582742,1.1530081047871432,0.0,100000.0
0.6987724557443831,-0.4582086861403798,0.0,0.47125244934533683,0.7186643144597887,0.0,100000.0
2.370615062917867,0.19517287698873234,0.0,-0.1952683050760042,2.3717741546144304,0.0,100000.0
0.3274508703220625,-0.4781985531402458,0.0,0.4844728064388312,0.3317472231440258,0.0,100000.0
-0.3369964464818855,-0.10389056467194621,0.0,0.11100997960514415,-0.36009014648336063,0.0,100000.0
0.5374448830389016,0.17956262400872397,0.0,-0.18447704785982863,0.5521541354038715,0.0,100000.0
-0.7864273124041703,-1.0864961605764794,0.0,1.0870898046074817,-0.7868570036417152,0.0,100000.0
0.27689368582044416,-1.6533456776868114,0.0,1.6523660742302,0.2767296269576157,0.0,100000.0
0.114200343833305,-0.19071978471394338,0.0,0.11085334597861021,0.06637743559126448,0.0,100000.0
0.08061556815250148,-0.6870564048514946,0.0,0.6870108134876179,0.08061021870276809,0.0,100000.0
0.026040234931880037,-0.09048284506631392,0.0,0.07627293972221015,0.021950738483696417,0.0,100000.0
2.027851036015945,0.14926564183864083,0.0,-0.14928223084021536,2.0280764061923295,0.0,100000.0
0.29851526498853453,-0.8007397536425984,0.0,0.8203031801517269,0.3058084978046772,0.0,100000.0
-0.3797162413815459,0.11335539613833982,0.0,-0.11341205735226402,-0.37990604428388997,0.0,100000.0
0.6568086280653541,0.29100204484006037,0.0,-0.29062205411794284,0.6559509667901258,0.0,100000.0
-0.893266004017031,-1.4192577830171225,0.0,1.4347954097289746,-0.9030452237548995,0.0,100000.0
0.014217868335584362,1.468292055328353,0.0,-1.476802689069177,0.014300279099533063,0.0,100000.0
-0.3993292942663361,1.0747106719058745,0.0,-1.0773971296390026,-0.40032749899128217,0.0,100000.0
-0.2973194761500466,-0.0850948412936511,0.0,0.05225223185646477,-0.18256813182862108,0.0,100000.0
-1.3312493115168766,-1.287621940715627,0.0,1.2820753030572398,-1.3255147419740045,0.0,100000.0
-0.2320535896602372,-0.1591833955614615,0.0,0.16252940676918137,-0.23693132146798088,0.0,100000.0
0.30313289602846555,0.9069135141984151,0.0,-0.8900233924355752,0.29748742769649517,0.0,100000.0
1.1961494654661833,-0.0024308061046632414,0.0,0.002407223549262588,1.184544977151503,0.0,100000.0
1.2058450940928984,-1.259926675789692,0.0,1.2599761716980347,1.2058924654196586,0.0,100000.0
0.1636820137271373,0.7720557220810133,0.0,-0.8614515310740902,0.1826346432022647,0.0,100000.0
0.7487979026260887,0.8054265548908769,0.0,-0.8061419991564435,0.749463044794855,0.0,100000.0
-0.1491526800884429,-1.6089753113955922,0.0,1.6101729926909258,-0.14926370564230043,0.0,100000.0
-1.2419841211770197,-0.34527026221408086,0.0,0.3658760658049641,-1.3161060009469647,0.0,100000.0
-0.3867425640628674,-0.45891666793417113,0.0,0.46556127858254825,-0.3923421727476437,0.0,100000.0
0.4091762162758254,0.010185478815333954,0.0,-0.010748304482516471,0.4317863341795568,0.0,100000.0
0.2308646559658528,0.5759821203966757,0.0,-0.5544682444756606,0.22224148280280978,0.0,100000.0
-0.03328434342636806,-0.032605145774519236,0.0,0.03840252833879075,-0.0392024912419822,0.0,100000.0
0.053421106139833835,-0.18660953682883155,0.0,0.18022195295893562,0.051592519017816606,0.0,100000.0
0.47208076791858344,-0.3156305566308758,0.0,0.286306877715504,0.42822207119310773,0.0,100000.0
-0.36770373485754143,-0.22346465151279998,0.0,0.18563301477379318,-0.3054530207936674,0.0,100000.0
-0.021626550082372627,-0.03690480376692753,0.0,0.05972447107906622,-0.03499908231708706,0.0,100000.0
-0.03345837820317823,0.02664974929626708,0.0,-0.04312831985671277,-0.054146987312772336,0.0,100000.0
0.029095341103876172,0.031354957113507484,0.0,-0.05074293962211049,0.04708611565227379,0.0,100000.0
0.001345580556661452,-0.4160441721343743,0.0,0.5109143036663562,0.0016524119292593575,0.0,100000.0
-0.17900965216768813,0.3755663831931908,0.0,-0.46120640547674036,-0.21982904199237685,0.0,100000.0
0.07283936011287033,0.13001032128542675,0.0,-0.1280924673046716,0.07176486652369263,0.0,100000.0
0.19520404737184732,-0.4587386523272914,0.0,0.43532925478201867,0.1852428001035147,0.0,100000.0
-0.3356937617832269,-0.21041698070084772,0.0,0.2103972180057196,-0.3356622328949763,0.0,100000.0
0.1952853210535117,1.0423456501052528,0.0,-1.0461446077082004,0.19599706255220303,0.0,100000.0
0.2482228131998826,-0.35053344509916573,0.0,0.3725194320227238,0.26379172281875657,0.0,100000.0
0.8168531074500235,-0.30960964631516447,0.0,0.3233595821004221,0.8531300061419743,0.0,100000.0
0.31051709547340817,0.11667979025129313,0.0,-0.11449602390862046,0.3047054910776607,0.0,100000.0
0.33182036128297576,-0.023948848279665317,0.0,0.02263060116275342,0.31355554831635984,0.0,100000.0
-0.004098757000720427,-0.12756657779055078,0.0,0.15289617052283727,-0.004912605324748656,0.0,100000.0
0.1855196417900137,0.11942273040766373,0.0,-0.14045975781977957,0.2182000350158244,0.0,100000.0
-0.17297985999393786,-0.49322252606131717,0.0,0.4948109689372642,-0.173536948552897,0.0,100000.0
0.18700656609157193,-0.8362898365606238,0.0,0.8378938252077955,0.1873652412731227,0.0,100000.0
0.016314593660213296,-0.30704188550819916,0.0,0.2861895568787723,0.015206610402830492,0.0,100000.0
-0.15592720180002856,0.08685572178488027,0.0,-0.06992752009821952,-0.12553695155209355,0.0,100000.0
-0.4675298371401628,0.09686201769330392,0.0,-0.10366472736032495,-0.5003648928046497,0.0,100000.0
0.5433087142635105,0.8362040631463976,0.0,-0.8286516219964206,0.5384016499814915,0.0,100000.0
0.7086746395993382,-0.8421322804027536,0.0,0.8499377915583359,0.7152431656299821,0.0,100000.0
0.21048302949964012,0.21102956361594088,0.0,-0.22658730157922394,0.22600047531416587,0.0,100000.0
0.12357437874637216,0.2712304469353118,0.0,-0.29122637617280644,0.13268465585906353,0.0,100000.0
-0.244199382801521,-0.6668096058590203,0.0,0.7153276375457013,-0.26196768321070424,0.0,100000.0
-1.0478469916273556,-0.8878513020266139,0.0,0.8949620287443825,-1.0562391104230262,0.0,100000.0
0.8064565049501093,0.10657755062978237,0.0,-0.09314658134626931,0.7048263541118761,0.0,100000.0
-0.5109689455126187,0.21108039379932944,0.0,-0.19764825532315144,-0.4784533456048553,0.0,100000.0
-0.12093686362792608,-0.020070944063492836,0.0,0.012330637492827742,-0.07429788156442058,0.0,100000.0
-0.4031416499687308,0.1257626638512095,0.0,-0.11956853623996226,-0.3832859094107109,0.0,100000.0
0.08287956242894115,-0.7215777741561444,0.0,0.7137552907126241,0.08198108131141395,0.0,100000.0
0.4673392793009706,0.48225200239991006,0.0,-0.46813973696465394,0.45366340874989824,0.0,100000.0
0.013076917497147901,0.15414446643146631,0.0,-0.14611511687033796,0.012395743892947717,0.0,100000.0
-0.6754414000593354,-0.8443414418692079,0.0,0.8751563978234015,-0.7000922059541518,0.0,100000.0
-0.060440532964386014,0.7710070060046699,0.0,-0.5949598534137691,-0.04663990126248396,0.0,100000.0
0.6711463984108671,0.8321914184799045,0.0,-0.8553981099396802,0.6898621494344842,0.0,100000.0
0.3317648823728207,0.12989767371643932,0.0,-0.13976487169646487,0.35696617877431447,0.0,100000.0
0.1102832880444375,0.15068921336811708,0.0,-0.1529717345679773,0.11195377219738603,0.0,100000.0
-0.09532834140581267,0.7159290229334766,0.0,-0.5598073983651676,-0.07454022547401762,0.0,100000.0
0.42432874961278305,-0.1308957143363436,0.0,0.09777151929199637,0.31694900584988706,0.0,100000.0
-0.08474554534753925,0.12515656949438012,0.0,-0.12291721744537086,-0.08322924371523109,0.0,100000.0
-0.5316644562420714,0.04660196220404484,0.0,-0.04566459872867037,-0.5209704249424003,0.0,100000.0
0.4703540319706557,0.7977547839901097,0.0,-0.718533202619085,0.4236452049416537,0.0,100000.0
-0.05547557333830438,-0.07553086063453111,0.0,0.06890846588896461,-0.050611586058184374,0.0,100000.0
0.5621103694599273,0.994020852188777,0.0,-0.9938139607322027,0.5619933740942497,0.0,100000.0
-1.0133596679522296,0.30731799248163877,0.0,-0.30823076018716444,-1.0163694558644822,0.0,100000.0
-0.16225770575993562,-0.33702415610410075,0.0,0.30599377801599714,-0.14731836723998729,0.0,100000.0
0.0821646566227313,0.11029653977240364,0.0,-0.11455994575730413,0.08534065189434628,0.0,100000.0
0.9598893907827245,0.2111867336270418,0.0,-0.21297604159073458,0.9680221825622731,0.0,100000.0
0.18040024381500766,0.17314508434105,0.0,-0.1736522397158451,0.18092865011434514,0.0,100000.0
1.2867716552584718,0.4859630033404721,0.0,-0.4864196433416647,1.2879807831265457,0.0,100000.0
-0.7338798952532831,0.9211871046970107,0.0,-0.9248135517048461,-0.7367689679907127,0.0,100000.0
-2.097418009889093,-1.7055944002538757,0.0,1.7054704115778476,-2.0972655374829428,0.0,100000.0
-0.5420057588838374,0.21681762342446087,0.0,-0.2217132378887442,-0.5542439302603493,0.0,100000.0
0.029846015922077633,-0.21713295282178458,0.0,0.20275113820331658,0.027869163203441825,0.0,100000.0
-0.27390042025127703,-0.17515469100755673,0.0,0.1632129283321669,-0.2552263339535303,0.0,100000.0
0.16954859833564925,0.1479840550250503,0.0,-0.14295339333724993,0.16378485819673347,0.0,100000.0
-1.1294097822174816,-1.2367167706547668,0.0,1.2371560046373067,-1.1298109049064706,0.0,100000.0
-0.1569949974214746,-0.009375598338430694,0.0,0.010547763082956194,-0.17662297148794115,0.0,100000.0
0.4731539272143106,0.0747288096499973,0.0,-0.07825670103372262,0.49549117132154674,0.0,100000.0
0.02312630889900196,0.15492139913917058,0.0,-0.2078097619544854,0.031021361631715146,0.0,100000.0
0.2439342976963841,-0.10874758246630381,0.0,0.10916188033513849,0.24486361913396743,0.0,100000.0
-0.9468642950517598,0.3874043279712792,0.0,-0.38895022675168056,-0.9506426636791608,0.0,100000.0
-0.34461602032598876,0.01640317058153907,0.0,-0.015714963094781275,-0.330157393314456,0.0,100000.0
0.3621598420888621,0.3583832480674827,0.0,-0.33519094234146624,0.33872313899321643,0.0,100000.0
0.19760492195928617,0.4353557364478832,0.0,-0.4639383846851607,0.21057838596001396,0.0,100000.0
0.2998051491553913,-0.37242340820701364,0.0,0.3968743258840416,0.31948842055994503,0.0,100000.0
0.4051688483168419,-0.7185953737028224,0.0,0.7708253930026701,0.43461793404952753,0.0,100000.0
-0.25061833167173353,-0.23578788322314267,0.0,0.28120796380796736,-0.2988952179347644,0.0,100000.0
0.2368720444758974,0.7269958401068525,0.0,-0.7125437984304316,0.2321632353329984,0.0,100000.0
-0.8976539122776639,-0.3501853202945467,0.0,0.37599826411691967,-0.963821991482318,0.0,100000.0
0.11253110556052467,0.9569477807375469,0.0,-1.0274865437112373,0.1208260252437944,0.0,100000.0
-0.37468686579409693,0.2995259131933173,0.0,-0.3066402040456037,-0.38358636738770496,0.0,100000.0
-0.5161697074184108,0.15498398712903383,0.0,-0.15612087496366453,-0.5199560796226587,0.0,100000.0
-0.7571772873262331,-0.5813029496137553,0.0,0.6116078100682691,-0.7966509422371455,0.0,100000.0
0.23180949937970818,0.31530241487417765,0.0,-0.24558730124650083,0.1805551326927921,0.0,100000.0
-0.0773111182396148,0.1070901859726995,0.0,-0.0908135291795918,-0.06556058735344775,0.0,100000.0
-0.9031610677541954,0.39909625647160263,0.0,-0.39874324933350147,-0.9023622070818579,0.0,100000.0
1.2040752279815894,0.8805144805901822,0.0,-0.8838285908489288,1.2086071671527452,0.0,100000.0
0.3120539937280484,-0.046528777232889756,0.0,0.046704748729380775,0.31323417965873535,0.0,100000.0
-0.4453396073408461,-0.18900696582237217,0.0,0.1772536809157292,-0.4176464307295219,0.0,100000.0
0.43468841435083194,0.20041030276556587,0.0,-0.19984173134528163,0.4334551872875624,0.0,100000.0
-0.3532462485166025,-0.26451038240973024,0.0,0.2680626380511097,-0.35799018698759044,0.0,100000.0
-0.2645202643258281,-0.1373415247255802,0.0,0.1448148796412564,-0.27891397243155436,0.0,100000.0
-0.2865917286574713,0.257666048392735,0.0,-0.263522161139448,-0.29310525065915716,0.0,100000.0
-1.0541620105803449,1.820347017647922,0.0,-1.819158487946207,-1.0534737336486129,0.0,100000.0
0.7656460718085567,-0.6528487189170097,0.0,0.6512998898505578,0.7638296404420389,0.0,100000.0
2.588127896293913,0.2572426955922587,0.0,-0.257278161132433,2.58848471635316,0.0,100000.0
0.6119304490546655,0.2425155883366399,0.0,-0.2526800123801638,0.6375779573736015,0.0,100000.0
-0.5778829243302587,0.7801607736327191,0.0,-0.7737807024166452,-0.5731570596926245,0.0,100000.0
-0.045892316176423545,0.1647911754015659,0.0,-0.14790209594714807,-0.04118891520630389,0.0,100000.0
-0.6398912190738695,0.0008533248415638628,0.0,-0.0008543699184742187,-0.6406749013313413,0.0,100000.0
1.1637554490337334,0.5812023384049717,0.0,-0.5863293088572014,1.174021305529066,0.0,100000.0
-0.765205997829884,-0.22798320701935715,0.0,0.22801670204520588,-0.7653184209991692,0.0,100000.0
-0.539593752256131,-0.0579720024829722,0.0,0.05800560578633115,-0.5399065262120243,0.0,100000.0
0.0819486337691907,1.2650777043020571,0.0,-1.2686919003015409,0.08218275252989969,0.0,100000.0
0.26139407671833403,0.2375039428236155,0.0,-0.2511591346687212,0.27642282201968665,0.0,100000.0
-0.010171760009974913,0.15332619107395515,0.0,-0.1933860006143539,-0.012829354031166614,0.0,100000.0
-0.3377225521776711,0.05297428351103184,0.0,-0.051910562712248004,-0.3309411012705543,0.0,100000.0
0.05584431464919524,-0.4715687351874018,0.0,0.48358723461198533,0.05726757453348527,0.0,100000.0
0.06635367436376144,0.4702051141611627,0.0,-0.4821888600550384,0.06804477798801456,0.0,100000.0
0.5910460127918474,1.2428661947659303,0.0,-1.2216953575231537,0.5809782042115643,0.0,100000.0
-0.8459977633217781,0.5486386700558663,0.0,-0.5482191405677582,-0.8453508511955314,0.0,100000.0
-0.11939490829709841,0.0756288698294815,0.0,-0.06177549396467104,-0.09752465498360101,0.0,100000.0
0.43982418182381794,-0.3714278875576499,0.0,0.36411078880230796,0.4311596817116856,0.0,100000.0
1.0717911201882628,0.7971493428743971,0.0,-0.7794392404896299,1.047979358134776,0.0,100000.0
-0.11864514991952306,-0.3118648545640387,0.0,0.3252605549226334,-0.12374137943709483,0.0,100000.0
-0.3970943655132489,-0.41385010771679004,0.0,0.4549747299257689,-0.4365539559749768,0.0,100000.0
0.16090355549507007,0.23563098180260653,0.0,-0.18043788942374095,0.12321426381284577,0.0,100000.0
0.7769321212173601,0.6225820092156945,0.0,-0.622608516247305,0.7769651998543772,0.0,100000.0
0.04729551940253515,-0.42266428288023783,0.0,0.4237246374702618,0.04741417154116465,0.0,100000.0
0.10330201420272703,-0.14847205662445961,0.0,0.15819613154613846,0.1100677083576106,0.0,100000.0
-1.5004495269592586,-1.3737633603921497,0.0,1.3735470789862878,-1.5002133004427622,0.0,100000.0
0.6474042412392481,-0.07733372619049589,0.0,0.08041377121336742,0.6731890353936506,0.0,100000.0
0.8026590128376145,-1.0825994893610902,0.0,1.0940147015219626,0.8111224593978795,0.0,100000.0
0.7596261432421082,-1.105139900110555,0.0,1.1028890367689062,0.7580789955560906,0.0,100000.0
-0.6674779345580604,0.25423850005091114,0.0,-0.24722378070812592,-0.6490614855250101,0.0,100000.0
-0.01565063274247739,-0.024077093750906133,0.0,0.030271760222577385,-0.019677300201319525,0.0,100000.0
0.015253273410528184,0.024330770620625695,0.0,-0.030590704255175825,0.019177706415482425,0.0,100000.0
-0.35963714626233473,-1.5772935943732251,0.0,1.5864796012228006,-0.36173163856276175,0.0,100000.0
0.1566636496618363,0.13699506980613413,0.0,-0.16913424049578393,0.1934170874641637,0.0,100000.0
-0.19052497787763673,-0.08373398999976162,0.0,0.10337806186991054,-0.23522231474761612,0.0,100000.0
0.07076544299406937,-0.09517091321439305,0.0,0.09323136034523256,0.06932326582710904,0.0,100000.0
-0.3108673797298013,-0.02601304832179139,0.0,0.019725783569534916,-0.23573179796239266,0.0,100000.0
-0.37418909066283307,-0.37293361783077617,0.0,0.32658270206581025,-0.3276821355581521,0.0,100000.0
-0.17241754073912233,0.8187360559582788,0.0,-0.8196114345387575,-0.17260188662319995,0.0,100000.0
0.9037313628599822,0.582489047937147,0.0,-0.5803947231453248,0.9004820193657349,0.0,100000.0
0.22784090099242646,-0.1688566765869176,0.0,0.20708748237227162,0.27942631302271626,0.0,100000.0
0.11284441452939298,0.08569447253590369,0.0,-0.08556162534861739,0.11266947835641031,0.0,100000.0
0.33394211451645683,-0.32090593871911793,0.0,0.3232959503683393,0.33642921571204587,0.0,100000.0
0.1431479116037518,0.5713544909799286,0.0,-0.5722424090037226,0.14337037176252895,0.0,100000.0
-0.3219147359724228,-0.10592888089652489,0.0,0.10433818220230362,-0.317080649688984,0.0,100000.0
-0.7488475779277005,0.12394992110345895,0.0,-0.12275520955397287,-0.7416296882978383,0.0,100000.0
-0.04499438936106425,0.028692806795749277,0.0,-0.03076779572560593,-0.04824826621230697,0.0,100000.0
0.0052617091060317,0.09070551048420253,0.0,0.022133435618334085,-0.0012839319146000251,0.0,100000.0
0.08928318676428335,0.016843033459872047,0.0,0.004109939900139269,-0.021786368385977306,0.0,100000.0
-0.08973037674276432,-0.014270063227535067,0.0,-0.0034820985409834875,0.02189548910582152,0.0,100000.0
0.022159975880888708,-0.016339020495885665,0.0,0.016441769344168217,0.022299330134119725,0.0,100000.0
-0.1900466078012178,-0.08307183703299428,0.0,0.08772286913175913,-0.20068695120416635,0.0,100000.0
-0.042220175314139484,0.6069264863660259,0.0,-0.5868755285910037,-0.04082535242949888,0.0,100000.0
-0.18300078741476114,0.24743447427664708,0.0,-0.2474732931290658,-0.18302949756349823,0.0,100000.0
0.05350819653697797,0.2964159924672545,0.0,-0.27699247067887234,0.05000191601330534,0.0,100000.0
0.6957716483623202,0.01469766401107912,0.0,-0.013879034848714441,0.6570186219448849,0.0,100000.0
0.2973103100859094,-0.11257192851555968,0.0,0.10191312154279396,0.2691596578939572,0.0,100000.0
0.4151974252873771,-1.6161250554339084,0.0,1.615449979131079,0.41502399196186507,0.0,100000.0
0.7392301276267758,-0.051802477988839496,0.0,0.05184604033831289,0.7398517697259795,0.0,100000.0
-0.40484310010205354,0.1715840762635461,0.0,-0.08672499690117388,-0.2046228144614345,0.0,100000.0
-0.07764035837446538,0.0026200412128941962,0.0,-0.002966135515135256,-0.0878962602759755,0.0,100000.0
0.19086837478415816,-0.20472428070307871,0.0,0.221944139849185,0.20692277985004445,0.0,100000.0
0.5685293759689487,-0.414266083534505,0.0,0.3992226499939264,0.5478841090180927,0.0,100000.0
-0.009140246262850189,0.0034788883002531356,0.0,-0.004186975465458301,-0.011000636855174687,0.0,100000.0
0.4296295958207831,1.063177553311359,0.0,-1.0502851356887277,0.4244197753584226,0.0,100000.0
0.40786119024354045,-1.1015899087792318,0.0,1.1047428069102494,0.40902854369711245,0.0,100000.0
-0.5052201151170305,0.3967134587372578,0.0,-0.3963303610241645,-0.5047322348436308,0.0,100000.0
2.772976454686144,0.7690840307601389,0.0,-0.7690820528955868,2.7729693233823935,0.0,100000.0
-0.6527160135166484,-1.4803093171430954,0.0,1.4796077261014629,-0.6524066594495557,0.0,100000.0
0.5807486144725672,0.5150715323561081,0.0,-0.518454513874908,0.5845629620076412,0.0,100000.0
0.7823745429881995,-0.4138531432361676,0.0,0.3972252741672436,0.7509401521268904,0.0,100000.0
0.038200538515305534,0.1244210680758686,0.0,-0.1364072310190884,0.04188060561522783,0.0,100000.0
0.07100167682713368,0.8191013692094967,0.0,-0.8325458515733235,0.07216707689577936,0.0,100000.0
-0.05574926667416456,-0.0781097059630142,0.0,0.06340812127639318,-0.04525629969749536,0.0,100000.0
0.16524292880702465,-0.3008333973169406,0.0,0.2509982829721243,0.13786930498328875,0.0,100000.0
0.21305826336789502,-0.2401739013643726,0.0,0.2531103523358989,0.22453418878060583,0.0,100000.0
-0.6545878030264596,-0.05568112357651126,0.0,0.05536192070718982,-0.6508352511466156,0.0,100000.0
0.3077782987254657,0.10054820774948937,0.0,-0.09894680717339067,0.3028764078223716,0.0,100000.0
0.16274165928338577,-0.07300887483919227,0.0,0.06217603791642692,0.138594542108382,0.0,100000.0
0.018197818304067973,-0.3195587802028319,0.0,0.28009904408596703,0.01595071651038422,0.0,100000.0
-0.41640002492131706,1.3384967689177512,0.0,-1.3475258062795028,-0.4192089158127675,0.0,100000.0
1.987716308427681,-1.1342702583833808,0.0,1.1347175958920095,1.9885002310023063,0.0,100000.0
1.3549535473783287,1.2858358551096989,0.0,-1.2867362882078575,1.3559023815671398,0.0,100000.0
0.30051992856857235,-0.5088845055898118,0.0,0.5256534793905341,0.3104227861981646,0.0,100000.0
-0.8276774200892044,0.5980843658729107,0.0,-0.5990479560171212,-0.8290109139072873,0.0,100000.0
-1.081258933123458,0.5816848794304869,0.0,-0.5802360496664329,-1.0785657908734958,0.0,100000.0
0.0014355682062193573,-0.25210524164318904,0.0,0.2591747564382718,0.0014758242937448283,0.0,100000.0
-1.7501668982932077,-0.8535545197563852,0.0,0.85650368729575,-1.756214005168572,0.0,100000.0
0.6017131194696833,0.3779755632327554,0.0,-0.37988664491224056,0.6047554402723545,0.0,100000.0
-0.8477784263291426,1.0166254678839215,0.0,-1.016950544819385,-0.8480495126057405,0.0,100000.0
-0.6055086364574387,0.671966558376385,0.0,-0.672508165584286,-0.6059966783664648,0.0,100000.0
-0.014128365267571852,0.5162948805323562,0.0,-0.5543828861933435,-0.01517064028633034,0.0,100000.0
0.7918946570009685,0.22138883878772866,0.0,-0.21900712099504477,0.7833753946712225,0.0,100000.0
0.7341597739697837,0.7406397585426658,0.0,-0.7111903587893256,0.7049680320776117,0.0,100000.0
0.6203280160742368,-0.09643185899544729,0.0,0.0962032050212768,0.6188571280540094,0.0,100000.0
-0.08415114738144243,-0.01705278208322535,0.0,0.004885537078952936,-0.02410888433113142,0.0,100000.0
-0.5182272128015523,-0.3163034923112537,0.0,0.31587867236450967,-0.5175311937492965,0.0,100000.0
-0.7028714521521895,-0.3700759881487222,0.0,0.3721755585132031,-0.7068590874439591,0.0,100000.0
0.24548718437377223,0.3619042375351251,0.0,-0.40108122720637857,0.2720617526964295,0.0,100000.0
0.24261421190077678,-0.48961360624147093,0.0,0.3841906699006923,0.19037484949227074,0.0,100000.0
0.6565502711905354,-0.2584308244224902,0.0,0.2692949891016891,0.6841509658148177,0.0,100000.0
0.5157326450866504,-0.4815231961224513,0.0,0.5017659334631647,0.5374135122942721,0.0,100000.0
0.028539859484580272,0.06122919089446089,0.0,-0.09087832452261821,0.04235977275185984,0.0,100000.0
-0.06067684753588294,-0.02969608678087291,0.0,0.0440758823054796,-0.09005851883426147,0.0,100000.0
0.4276132143554244,0.5784289134564898,0.0,-0.5900942602802651,0.436237016409297,0.0,100000.0
-0.019226673887771193,0.05319497142505633,0.0,-0.05105609453745101,-0.0184536029131582,0.0,100000.0
-0.18359511621686792,-0.8018352220054573,0.0,0.8123386861006991,-0.18600008005273258,0.0,100000.0
-0.42984826941254883,0.32545505033672906,0.0,-0.2935021139981681,-0.3876460839692163,0.0,100000.0
1.5586931338082783,0.732477809398445,0.0,-0.732325718141476,1.5583694876924394,0.0,100000.0
-0.3797473453965391,0.05228940065679805,0.0,-0.050555870062282356,-0.36715772621631937,0.0,100000.0
0.3799815259404771,0.008068865613087903,0.0,-0.00707783613534047,0.33331165792388096,0.0,100000.0
0.5615901488910232,-0.6158817508827505,0.0,0.6109650503385321,0.5571068684776604,0.0,100000.0
0.027396007377569143,1.0161816443746772,0.0,-1.0243910535373648,0.027617331030905617,0.0,100000.0
-0.13692875209161162,-1.5248706220713941,0.0,1.501953117785888,-0.1348708297882717,0.0,100000.0
-0.5128172188181457,-0.1491966402573518,0.0,0.1362423591243129,-0.46829089161014387,0.0,100000.0
0.10016379170295157,-0.015512166545224993,0.0,-0.0021685245810850688,-0.014002405389941916,0.0,100000.0
0.2395886780388702,0.7493995790082356,0.0,-0.7645539350199295,0.24443363955883426,0.0,100000.0
-1.6341703705951598,-1.2383479426917656,0.0,1.2390717010213617,-1.6351254692204513,0.0,100000.0
-0.40201631668480703,-0.12965485510979646,0.0,0.12571590125887738,-0.38980293896442053,0.0,100000.0
-0.3463859595542236,-0.7211003517766954,0.0,0.7166454217410757,-0.34424600051616044,0.0,100000.0
0.23586479694053097,0.7359087320575214,0.0,-0.7503346733073697,0.2404884296756098,0.0,100000.0
-0.30937115678188554,-0.5084879584924106,0.0,0.5056842778373837,-0.30766535841831305,0.0,100000.0
-0.15513552659194774,0.16972520241684652,0.0,-0.17063624332144645,-0.15596825389743532,0.0,100000.0
-0.22908979959857081,-0.019787361276509794,0.0,0.019893574704217026,-0.2303194942773157,0.0,100000.0
-0.18226191472252828,-0.21377876736540835,0.0,0.21271565597023406,-0.18135553510010016,0.0,100000.0
-0.4308242262467311,0.3636065111484813,0.0,-0.3716096247487106,-0.44030682658161757,0.0,100000.0
-0.7722584192154855,0.013131874581077993,0.0,-0.01293881939742078,-0.7609052426349462,0.0,100000.0
-0.05907223350494898,0.8511367861570431,0.0,-0.9084450654177653,-0.06304965300944632,0.0,100000.0
0.12791627732178046,0.7879395420550594,0.0,-0.7739354827495888,0.1256428197299998,0.0,100000.0
0.5404604312668952,-0.004557252259154069,0.0,0.004777163077885009,0.566540421834203,0.0,100000.0
-0.5296910926053245,-0.12358659478959463,0.0,0.12369866966204254,-0.5301714445540258,0.0,100000.0
-0.12798287125807734,0.23202866645137418,0.0,-0.23204125522285016,-0.12798981499974402,0.0,100000.0
-0.35750915900247154,-1.1189395016315895,0.0,1.1230974973289096,-0.3588376683121502,0.0,100000.0
0.6661109066081077,0.20481011774983843,0.0,-0.20154155719960412,0.6554804560457024,0.0,100000.0
0.22138732624730267,-0.06041844438575114,0.0,0.05976022766638724,0.21897546607657623,0.0,100000.0
-0.33713317674573423,0.8777923614355928,0.0,-0.8603225069458518,-0.3304235403896149,0.0,100000.0
-0.1614523164386518,-0.18325149652148912,0.0,0.18104494957416264,-0.15950825528368756,0.0,100000.0
-1.2575435145779978,0.07894061083248928,0.0,-0.07955271833112613,-1.2672945388862433,0.0,100000.0
1.1495491546132297,-1.1295964805256478,0.0,1.130891137665442,1.1508666799828837,0.0,100000.0
-0.49552535188398916,0.716497212471171,0.0,-0.7047796978666422,-0.4874215861657819,0.0,100000.0
0.017053402583830923,-0.4184799528925914,0.0,0.4062256782665568,0.01655403080478604,0.0,100000.0
0.20474057002199697,-0.21717283799309242,0.0,0.20757473852794756,0.19569192299145033,0.0,100000.0
0.02794946010311565,-0.17366312323768643,0.0,0.25065187713925086,0.04034008204658538,0.0,100000.0
0.13964039902217787,-0.10696079493744642,0.0,0.15437891206576804,0.20154611691209837,0.0,100000.0
-0.7400442635527611,0.4841693055075672,0.0,-0.4785852745109208,-0.7315091704364455,0.0,100000.0
-1.2128757253979074,-0.5587914769800049,0.0,0.5611538874762624,-1.2180034169651117,0.0,100000.0
-0.19872910964130722,0.3248340653559111,0.0,-0.259643800720579,-0.15884658305325955,0.0,100000.0
-0.014128333750462747,0.11460979180542666,0.0,-0.1166075021836794,-0.014374598214572713,0.0,100000.0
-0.11043646687235482,-0.03374612536275807,0.0,0.03433433849709001,-0.11236143395006332,0.0,100000.0